participant_id,first_name,last_name,email,gender,movie,genre
1,Vernen,,,Male,Blue Steel,Action|Thriller
2,Dulsea,,dcolvill1@tripadvisor.com,,Around the World in 80 Days,Adventure|Children|Comedy
3,Kirby,Etteridge,,Male,Toronto Stories,Drama
4,Ulrike,Sailor,usailor3@prweb.com,Female,Miral,Drama
5,Allayne,Kingston,akingston4@opera.com,Female,"Inquisitor, The (a.k.a. Under Suspicion) (Garde à vue)",Crime|Drama
6,Bernie,Annon,,Female,"Heroes of Telemark, The ",Action|Drama|War
7,Bil,Hallen,,Male,"Collector, The",
8,Dayna,Tregust,dtregust7@lulu.com,Female,Tarantella,Drama
9,,,,Female,Attack!,Drama|War
10,Shauna,,smccrohon9@slashdot.org,,Together Again,Comedy
11,Elwin,,eforwarda@narod.ru,Male,Things to Do in Denver When You're Dead,Crime|Drama|Romance
12,Angie,Barling,,Female,"When Time Ran Out... (Day the World Ended, The)",Action|Adventure
13,Ginnie,Dumbare,,Female,Speedy,Action|Comedy
14,,,lblethind@dell.com,Non-binary,Can't Hardly Wait,Comedy|Drama|Romance
15,Aleksandr,Lohde,alohdee@blogger.com,Polygender,"Storm Warriors, The (Fung wan II)",Action|Adventure|Fantasy
16,Mariel,Gaylord,mgaylordf@marketwatch.com,Male,Freeloaders,Comedy
17,Ellen,,ecunnowg@edublogs.org,Male,True Grit,Adventure|Drama|Western
18,Fleming,Draye,,Female,Breach,Drama|Thriller
19,Nanon,Paulin,npaulini@oracle.com,Male,Eddie Izzard: Glorious,Comedy
20,Braden,,bjanewj@ucoz.ru,Female,Sadie Thompson,Drama
21,Goddart,Hawe,ghawek@aol.com,Male,Cirque du Soleil: Varekai,
22,Pearl,,,Male,I Am the Law,Crime|Drama
23,Grethel,Kisar,gkisarm@harvard.edu,Genderfluid,"Puerta de Hierro, el exilio de Perón",Drama
24,Joellyn,,jsommersettn@oakley.com,Male,First Monday in October,Comedy|Drama
25,Roderigo,Edes,redeso@google.de,Female,Hero Wanted,Action|Crime|Drama|Thriller
26,Dierdre,,dfarncombp@typepad.com,Genderqueer,"Devil Wears Prada, The",Comedy|Drama
27,Raphael,Smiz,rsmizq@scientificamerican.com,Female,Moving the Mountain,Documentary
28,Tricia,Dyott,tdyottr@pagesperso-orange.fr,Female,Far from the Madding Crowd,Drama|Romance
29,Roldan,Hartigan,,Female,Vatel,Drama
30,Cesare,Derricoat,cderricoatt@hubpages.com,Polygender,3 Extremes (Three... Extremes) (Saam gaang yi),Horror
31,Gauthier,Holsall,gholsallu@wisc.edu,Female,"Hippie Revolution, The",Documentary
32,Saundra,Olivie,soliviev@google.cn,,Haunted,
33,Dannye,Mackiewicz,,Female,"Old Man and the Sea, The",Adventure|Drama
34,Mac,Lympenie,mlympeniex@soup.io,Male,Four Nights with Anna (Cztery noce z Anna),Crime|Drama|Thriller
35,Betsey,Dalgleish,bdalgleishy@myspace.com,Male,11.6,Crime|Drama
36,Arnie,Klimkowski,aklimkowskiz@jigsy.com,Male,For Those in Peril,Drama
37,Dot,Gaudon,,Female,Elevator to the Gallows (a.k.a. Frantic) (Ascenseur pour l'échafaud),Crime|Drama|Thriller
38,Michaella,Druitt,mdruitt11@tmall.com,Female,"Wheel, The (La Roue)",Drama
39,Kimberli,Mayberry,kmayberry12@hud.gov,Male,"Giant Claw, The",
40,Nyssa,Slatford,,Female,First Descent,Documentary
41,Yorke,Farlham,yfarlham14@youku.com,Male,"Scene at the Sea, A (Ano natsu, ichiban shizukana umi)",Comedy|Romance
42,Sander,Turpie,sturpie15@bigcartel.com,Male,In This Our Life,Drama
43,Kimberlee,McWilliams,kmcwilliams16@weather.com,Female,Heart of a Dog (Sobachye serdtse),Comedy|Drama|Sci-Fi
44,Chadwick,,cstanlike17@google.com.br,Male,"Bon Voyage, Charlie Brown (and Don't Come Back!)",Animation|Children|Comedy
45,Andriette,,aburgwin18@etsy.com,Male,The Heart of the World,Drama|Fantasy
46,Neall,Weedon,nweedon19@shutterfly.com,Female,Mark of the Vampire,Horror|Mystery
47,Tristam,De Francesco,,Bigender,"Notorious Bettie Page, The",Drama
48,Casper,Narrie,cnarrie1b@psu.edu,Female,Amish Grace,Drama
49,Meir,Woodruff,mwoodruff1c@github.com,Bigender,Accomplices (Complices),Crime|Mystery
50,Flora,,flabbett1d@addthis.com,Female,"Day I Became a Woman, The (Roozi khe zan shodam)",Drama
51,Lucilia,Curwood,lcurwood1e@reuters.com,Female,Lifted,Animation|Comedy|Sci-Fi
52,Georgena,Deane,gdeane1f@bloglines.com,Female,"Name for Evil, A",Horror
53,Dyane,Coultish,dcoultish1g@reference.com,Male,Swiss Family Robinson,Adventure|Children
54,Leslie,Brummell,,Male,Blended,Comedy
55,Hildagarde,Croix,,Male,Free Men (Les hommes libres),Drama|War
56,Brynn,Dawidowitz,,Male,"Bells of St. Mary's, The",
57,Ring,Joye,rjoye1k@imdb.com,,Luminarias,Comedy|Romance
58,,,rbebbington1l@google.ca,Male,Female Demon Ohyaku (Yôen dokufuden hannya no ohyaku),Action
59,Trudey,Dowderswell,,Female,"Fifth Commandment, The",Action|Comedy|Crime|Drama|Thriller
60,Nomi,Hainge,nhainge1n@people.com.cn,,Jack Brooks: Monster Slayer,Action|Comedy|Horror
61,Roxane,Ibotson,,,Smilin' Through,Drama|Romance
62,Shep,,,Male,"Four Musketeers, The",Action|Adventure|Comedy|Romance
63,Thomasine,,tallicock1q@tumblr.com,,"Newton Boys, The",
64,Gusti,,,Female,Perrier's Bounty,Action|Comedy|Crime|Drama
65,Jasper,Lintott,,Female,"Midnight Clear, A",
66,Mindy,Willsmore,mwillsmore1t@shutterfly.com,Male,Takedown: The DNA of GSP,Documentary
67,,,,Female,Miss Sadie Thompson,Drama|Musical|Romance
68,Maia,Dooher,mdooher1v@com.com,Female,S. Darko (S. Darko: A Donnie Darko Tale),Crime|Mystery|Sci-Fi|Thriller
69,Valerie,,,Male,"Last Laugh, The (Letzte Mann, Der)",Drama
70,Jacinda,Corrie,jcorrie1x@amazon.de,Female,Forbidden Games (Jeux interdits),Drama|War
71,Titus,Edwardes,,Male,"Mudlark, The",Drama
72,Brenn,Pipet,bpipet1z@sfgate.com,Male,Spite Marriage,Comedy
73,Der,Ledgerton,,Female,"Monkey's Paw, The",
74,Blaire,,btirrey21@woothemes.com,Genderqueer,Losing Isaiah,
75,Margalo,Coad,mcoad22@java.com,Female,Love at First Fight,Comedy|Romance
76,Ingram,,,Agender,Sidewalks of London (St. Martin's Lane),
77,,Martyntsev,bmartyntsev24@xing.com,,X,Thriller
78,Sosanna,,sdonoghue25@ehow.com,Female,"SpongeBob Movie: Sponge Out of Water, The",Adventure|Animation|Children|Comedy
79,,Yurocjhin,gyurocjhin26@ovh.net,Female,Will Penny,Romance|Western
80,Allan,Cardenas,acardenas27@mozilla.org,Male,Robin Hood,Adventure|Animation|Children|Comedy|Musical
81,Gabie,,,Female,C.H.O.M.P.S.,Comedy|Sci-Fi
82,Ramsey,Hedon,rhedon29@aboutads.info,Agender,It All Starts Today (Ça commence aujourd'hui),
83,Michaella,Pollett,,Female,Hustler White,Romance
84,Terese,Noulton,tnoulton2b@sourceforge.net,Female,Dogs,
85,Phaidra,Leeman,pleeman2c@yahoo.co.jp,,Torch Song,Drama|Romance
86,Sharon,,,Male,Bellissima,
87,Lancelot,McNirlan,lmcnirlan2e@sitemeter.com,Non-binary,Shy People,Drama
88,Toma,Eytel,teytel2f@aol.com,Genderqueer,Shaft,
89,Kylen,Center,,Female,"Manta, Manta",Comedy
90,Cyb,Melliard,,Male,7 Dwarves: The Forest Is Not Enough,
91,,Stampe,,Female,Superstar: The Karen Carpenter Story,Drama|Musical
92,Tomaso,O'Shevlin,toshevlin2j@nsw.gov.au,Male,"American Astronaut, The",Comedy|Musical|Sci-Fi
93,Quent,Follen,qfollen2k@bbc.co.uk,Female,9th Company,Action|Drama|War
94,Karola,,ksalvatore2l@newsvine.com,Female,Ménilmontant,
95,Erin,,eofficer2m@infoseek.co.jp,Male,4 for Texas,Comedy|Western
96,Luise,Devall,ldevall2n@nbcnews.com,,Lilting,Drama
97,Christiana,,cgiraudel2o@mysql.com,Female,Amarcord,
98,,,dhussell2p@hubpages.com,Non-binary,Wasteland,Drama
99,Donal,,droston2q@yellowpages.com,Non-binary,"Last Stand, The",Action|Crime|Thriller
100,Valery,Quincee,vquincee2r@gravatar.com,,Red Sorghum (Hong gao liang),Drama|War
101,Kenneth,Stiegers,kstiegers2s@ask.com,Female,Crossroads,Comedy|Musical|Romance
102,Teodoro,,tsobey2t@diigo.com,Male,Drawing Restraint 9,
103,Chiquia,deKnevet,cdeknevet2u@upenn.edu,Female,"Final Option, The (Who Dares Wins)",Action|War
104,Pooh,Askwith,,,Super Bitch,Action
105,Gardner,Tilbrook,,Female,No and Me (No et moi),Drama
106,Dawn,,dtremontana2x@simplemachines.org,Female,I Shot a Man in Vegas,Comedy
107,Jose,Mechan,jmechan2y@yahoo.com,Male,"School of Flesh, The (École de la chair, L')",
108,Barny,,bbalderstone2z@yellowpages.com,Male,Auschwitz: The Nazis and the 'Final Solution',Documentary
109,Thorstein,Phin,tphin30@hp.com,Bigender,Alice's Adventures in Wonderland,Adventure|Children|Fantasy|Musical
110,Tatum,Maryska,tmaryska31@ucsd.edu,Bigender,Electronic Labyrinth THX 1138 4EB,Sci-Fi
111,Tucky,Cootes,,Female,"Low Life, The",Drama
112,Michal,McCuish,mmccuish33@umn.edu,Female,American Pie Presents: Band Camp (American Pie 4: Band Camp),Comedy
113,Laetitia,Cranmore,lcranmore34@state.gov,Female,"Walk Among the Tombstones, A",Action|Crime|Mystery|Thriller
114,Byron,Scoates,,Male,Cutlet for Three (Ein Schnitzel für drei),Comedy
115,Rickie,,rbartolomivis36@nba.com,Bigender,Admissions,Drama
116,Ward,,,Female,Murders in the Rue Morgue,
117,Linc,,,Female,Somebody Up There Likes Me,Action|Crime|Drama
118,Karina,Cronkshaw,kcronkshaw39@dell.com,,Campus Radio,
119,Fleurette,Clows,fclows3a@cbslocal.com,Male,Abbott and Costello Meet the Mummy,Comedy|Horror
120,Ann,McEvon,,Female,Repentance (Monanieba),Drama
121,Hamil,,,Male,"Curse of Frankenstein, The",Horror
122,Marietta,Liddard,,,JCVD,Action|Drama|Thriller
123,Bernardina,Record,brecord3e@gov.uk,,Wag the Dog,
124,Georgette,Linbohm,glinbohm3f@sina.com.cn,Female,"Pledge, The",Crime|Drama|Mystery|Thriller
125,Carita,,cbootherstone3g@devhub.com,Female,Reggie Watts: Why Shit So Crazy?,Comedy
126,Thurstan,Blaszkiewicz,tblaszkiewicz3h@go.com,Male,Izo,Action|Drama|Fantasy|Horror|Thriller|War
127,Corene,,cgee3i@linkedin.com,Male,K-911,Action|Comedy|Crime
128,Manya,,mborghese3j@dyndns.org,Male,How to Irritate People,
129,Shayna,Sodo,,Polygender,Where Are the Dreams of Youth? (Seishun no yume imaizuko),Drama
130,Meridel,Bartolomucci,mbartolomucci3l@ehow.com,Female,Your Friends and Neighbors,Comedy|Drama
131,Adore,Beade,,Male,"Pyramid of Triboulet, The (La pyramide de Triboulet)",Fantasy
132,Cash,,cscreas3n@china.com.cn,Female,Last Exit to Brooklyn,Drama
133,Belinda,Tibbotts,btibbotts3o@macromedia.com,Male,"Run, Simon, Run",Adventure|Thriller
134,Jade,Rafe,jrafe3p@sun.com,Male,Anna Karenina,Drama|Romance
135,Nataline,Goroni,ngoroni3q@mozilla.org,Female,Take a Girl Like You,
136,Harv,,,Female,Puppet Master III: Toulon's Revenge,
137,Petronia,Goring,pgoring3s@smh.com.au,Female,Find Me Guilty,Comedy|Crime|Drama
138,Conny,Baumann,cbaumann3t@hp.com,Female,Date Night,Action|Comedy|Romance
139,Kalil,Presland,kpresland3u@eepurl.com,Female,Year of the Dragon,
140,Alvy,Nicol,,Male,Just Like a Woman,Drama
141,Cristine,,,Female,The Natural Love,Documentary
142,Anthiathia,,akupis3x@wunderground.com,Male,Dying of Laughter (Muertos de Risa),Comedy
143,Geoffrey,MacKeague,gmackeague3y@un.org,Female,"End of America, The",Documentary
144,Bella,,bskace3z@woothemes.com,Female,Charlie Chan at the Wax Museum,Comedy|Crime|Mystery|Thriller
145,Cooper,,cbeyer40@nymag.com,Polygender,"Savage Nights (Nuits fauves, Les)",Drama
146,Corey,Robion,,Non-binary,These Girls,Comedy
147,Patten,Raylton,,Female,"Caine Mutiny, The",Drama|War
148,Kathe,,kipsly43@latimes.com,Male,Turtle Diary,Comedy|Drama|Romance
149,Franklyn,Life,flife44@huffingtonpost.com,Female,Cocoon: The Return,
150,Pierrette,,,Male,Air America,Action|Comedy
151,Buiron,Pinkie,,Male,Terribly Happy (Frygtelig lykkelig),
152,Therine,,,,"Tom, Dick and Harry",Comedy|Fantasy|Romance
153,Nataline,,nprosch48@dagondesign.com,Female,Carnival of Souls,Horror|Thriller
154,Gene,Nutt,gnutt49@theatlantic.com,Female,Dr. Dolittle: Tail to the Chief,Children|Comedy|Fantasy
155,Dyanna,,dmccloch4a@oaic.gov.au,Female,Luck by Chance,Drama
156,Anni,,,Male,Philadelphia,Drama
157,Brock,Pettyfer,bpettyfer4c@unblog.fr,Female,Macbeth,Drama
158,Clarissa,Savin,csavin4d@buzzfeed.com,Female,"Girl, Positive",
159,Hildagarde,,,Male,"Terror Within, The",Horror|Sci-Fi
160,Kelby,Thaw,kthaw4f@wufoo.com,Male,A Via Láctea,
161,Aretha,Drysdell,,,Stark Raving Mad,Action|Comedy|Crime
162,Randell,,rkaroly4h@archive.org,Male,Drillbit Taylor,Comedy
163,Leah,,lschwant4i@pcworld.com,Male,Hoosiers (a.k.a. Best Shot),Drama|Romance
164,Roderigo,,rbirkbeck4j@simplemachines.org,Male,Rich Hill,Documentary
165,Gaultiero,,,Female,30 Days of Night,Horror|Thriller
166,Anthia,Chamberlaine,achamberlaine4l@freewebs.com,Female,House at the End of the Street,Horror|Thriller
167,Druci,Breckell,,Female,Married to the Mob,Comedy
168,,Whiten,ewhiten4n@apache.org,Female,Dancing in the Rain (Ples v dezju),Drama
169,Jaquelin,Murkitt,,Male,"Nine Lives of Fritz the Cat, The",Animation
170,Shanon,Folkerd,,Agender,Inside Deep Throat,
171,Daniella,Sommerfeld,dsommerfeld4q@columbia.edu,Female,Melody Time,
172,Moritz,Houlden,,Female,"Hacks (Sink or Swim) (Big Twist, The)",
173,Calley,Gounin,cgounin4s@ftc.gov,Female,Titanic,Action|Drama
174,Aron,,,Agender,Seas Beneath,Action|Drama|War
175,Atalanta,McKeaveney,,Male,Scooby-Doo,
176,Regina,Cowles,rcowles4v@jugem.jp,Male,Scooby-Doo! and the Witch's Ghost,Animation|Comedy|Mystery
177,Pascal,O'Fallowne,pofallowne4w@hexun.com,Genderqueer,Killing Us Softly 3,Documentary
178,Micheil,Ubach,mubach4x@illinois.edu,Female,"Million Ways to Die in the West, A",Comedy|Western
179,Wenona,,wkelsell4y@google.cn,,Let It Ride,Comedy
180,Antonetta,,astaterfield4z@topsy.com,Female,"Shot in the Dark, A",Comedy|Crime|Mystery
181,Nalani,,nfisbey50@kickstarter.com,Female,That's Life,Comedy
182,Clemens,Eim,ceim51@mapy.cz,Male,Hamlet 2,
183,Christina,Gorriessen,cgorriessen52@unesco.org,Female,Funky Forest: The First Contact,
184,Cherey,,,Female,Joe + Belle,Comedy|Crime|Drama|Romance
185,Orren,Daffey,odaffey54@thetimes.co.uk,Polygender,Dobermann,Action|Crime
186,Roxanne,Rummings,,Male,Marlene Dietrich: Shadow and Light,Documentary
187,Abby,Cunio,acunio56@purevolume.com,Male,"Girl Cut in Two, The (Fille coupée en deux, La)",Drama|Thriller
188,Temple,Comley,tcomley57@ibm.com,Female,Anaconda,Action|Adventure|Thriller
189,Dorie,Osboldstone,,Female,Beslan: Three Days in September,Documentary
190,Norton,,ncazin59@geocities.jp,Male,Power 98,Action|Mystery|Thriller
191,Netty,Pidwell,,,Desire,Comedy|Crime|Romance
192,Corrie,,cweich5b@uiuc.edu,Male,"Boondock Saints, The",Action|Crime|Drama|Thriller
193,Tonie,,tstailey5c@cbc.ca,Male,Just Married,Comedy|Romance
194,Jock,,,Female,Ocean's Thirteen,
195,Deni,,dbarkworth5e@stumbleupon.com,Female,"Violin, El",Drama
196,Jared,Vasnetsov,jvasnetsov5f@youtu.be,,Stanley and Livingstone,Adventure|Drama
197,Geri,,,Female,Young Ones,Drama|Sci-Fi|Western
198,Delmore,,dopy5h@umich.edu,Female,Jubilation Street,(no genres listed)
199,Kenn,,,Female,Next Friday,Comedy
200,Alejoa,,askelding5j@qq.com,Male,Monsters University,Adventure|Animation|Comedy
201,Marrissa,Canfer,mcanfer5k@dot.gov,Female,Jarhead 2: Field of Fire,Action|Drama|War
202,Chloette,Godard,cgodard5l@google.ru,Female,Suzy,Drama
203,Raynor,Sturridge,rsturridge5m@mysql.com,Female,The Death and Life of Bobby Z,Action|Crime|Drama|Thriller
204,Pinchas,,,Male,Solaris (Solyaris),Drama|Mystery|Sci-Fi
205,Giraldo,Arnopp,,,Pendulum,Drama
206,Kinsley,,khaddeston5p@fastcompany.com,Male,"Power of Kangwon Province, The (Kangwon-do ui him)",Drama
207,Pet,Cross,pcross5q@deliciousdays.com,Female,Ask Me Anything,
208,Dawna,,dcarhart5r@dagondesign.com,Male,I Spit on Your Grave,Crime|Horror|Thriller
209,Felecia,,,Male,Heir to an Execution,Documentary
210,Adolph,Spellacy,aspellacy5t@cocolog-nifty.com,Male,The Testimony,(no genres listed)
211,Parrnell,Paaso,ppaaso5u@loc.gov,Male,Johnny Belinda,Drama
212,Marrilee,,,,"Drive, He Said",Comedy|Drama
213,Kelci,Gunnell,,Male,"Terminal Man, The",
214,,,cmilam5x@google.com.au,Female,And Your Mother Too (Y tu mamá también),Drama|Romance
215,Piggy,Grocott,pgrocott5y@salon.com,,London to Brighton,Crime|Drama|Thriller
216,Brianne,Scutcheon,bscutcheon5z@google.cn,Non-binary,Hollywood Shuffle,Comedy
217,Melisande,Cowup,mcowup60@printfriendly.com,Female,Land,Documentary
218,Morly,,mciotti61@sbwire.com,Agender,Goin' South,Comedy|Western
219,Efren,Yakovl,,,Choose,Crime|Drama|Horror
220,Sadye,Arzu,sarzu63@boston.com,Female,Night Across the Street (La noche de enfrente),Drama
221,Adina,,,Male,Johnny Dangerously,Comedy
222,Leonerd,,lhalworth65@imgur.com,Male,Bigfoot,
223,Grant,Goldsmith,ggoldsmith66@eepurl.com,Agender,Bleak House,
224,Sinclare,,sburriss67@whitehouse.gov,Female,Yuva,Action|Adventure|Crime|Drama
225,Godfry,,,,"Midnight Meat Train, The",
226,Claudetta,Clurow,,Female,Angel,Drama
227,Margery,,,Male,Miracle in Milan (Miracolo a Milano),Comedy|Drama|Fantasy
228,Arch,Hitscher,ahitscher6b@hubpages.com,Female,Skeleton Man,
229,Demetria,,dkrammer6c@de.vu,Male,"Bridge Too Far, A",Action|Drama|War
230,Genni,Carolan,,Female,Until the End of the World (Bis ans Ende der Welt),
231,Salim,,spilbeam6e@google.nl,Female,London After Midnight,Drama|Horror
232,Malia,,mbrownlie6f@redcross.org,Female,Manhunter,Action|Crime|Drama|Horror|Thriller
233,Sonnie,Troke,stroke6g@jugem.jp,Male,"Ice Harvest, The",
234,Amil,Andree,aandree6h@archive.org,Female,Why Man Creates,Animation|Documentary
235,Artemas,,aroyds6i@cloudflare.com,Male,Bad Company,Action|Crime|Drama
236,Douglass,Strippling,,Female,Which Way Home,Documentary
237,Siobhan,,,Bigender,"Kite Runner, The",
238,Dolli,Esberger,desberger6l@hud.gov,Genderqueer,Circle of Friends,Drama|Romance
239,Ilse,Muschette,,Male,Dragon Crusaders,Action|Adventure|Fantasy
240,Jewelle,Eaglen,,,"Bonaerense, El",Action|Drama
241,Mercie,,mkevane6o@wufoo.com,Polygender,Greenfingers,Comedy|Drama
242,Cal,,challstone6p@newyorker.com,Bigender,Pocketful of Miracles,Comedy|Drama
243,Gisela,,,Genderqueer,"Sweet Hereafter, The",Drama
244,Sibelle,Nutkin,snutkin6r@comcast.net,Female,Glue,Drama
245,Othilia,Quest,oquest6s@cdc.gov,Male,"Scarlet Clue, The (Charlie Chan in the Scarlet Clue)",Comedy|Crime|Mystery
246,Gina,Dragoe,,Female,Brian's Song,Drama
247,,,,Male,Dark Matter,
248,Benjamin,Timlett,btimlett6v@feedburner.com,Male,Jack Frost,
249,Dore,,dmusker6w@hatena.ne.jp,,Carrie,Drama|Horror|Thriller
250,Bent,Milan,bmilan6x@rambler.ru,Male,Not Easily Broken,Drama|Romance
251,Ian,Tansley,itansley6y@blogger.com,,Knuckleball!,
252,Skylar,Amber,samber6z@imgur.com,Male,Ulysses (Ulisse),Adventure
253,Salomo,Jarrelt,,Female,"Silent Scream, The",Horror|Thriller
254,Audrey,Molson,amolson71@wp.com,Female,"Black Cauldron, The",Adventure|Animation|Children|Fantasy
255,Elana,Pucker,epucker72@lycos.com,Male,Friday the 13th Part VII: The New Blood,
256,Jorgan,Stanlack,jstanlack73@dailymotion.com,Female,Inferno,Horror
257,Elly,Dimond,,Female,"Women, The",
258,Shaina,Abdee,sabdee75@360.cn,Female,Time Stood Still (Il tempo si è fermato),Drama
259,Teddi,,talenichicov76@berkeley.edu,Male,"Guide for the Married Man, A",Comedy
260,Junie,Crowest,,Female,"Strange Little Cat, The (Das merkwürdige Kätzchen)",Comedy|Drama
261,Conchita,Oller,,Female,"First Case, Second Case (Ghazieh-e Shekl-e Aval, Ghazieh-e Shekl-e Dou Wom)",Documentary
262,Norene,Christoforou,nchristoforou79@un.org,Female,"Confessional, The (Confessionnal, Le)",Drama|Mystery
263,Merralee,Kuhnhardt,mkuhnhardt7a@amazon.com,Female,Half Nelson,Drama
264,Joice,Tansill,jtansill7b@skyrock.com,Female,Corto Maltese: Ballad of the Salt Sea (Corto Maltese - La ballade de la mer salée),Animation
265,Keeley,Bambury,kbambury7c@printfriendly.com,Male,Mr. Troop Mom,
266,Nara,,nstanlack7d@ed.gov,Polygender,Dragonslayer,
267,Othelia,,omacane7e@toplist.cz,Male,Gentlemen of Fortune (Dzhentlmeny udachi),Comedy|Crime|Drama|Mystery
268,Dionysus,Kohlerman,dkohlerman7f@amazon.de,Female,"Bedroom Window, The",Thriller
269,Trisha,,twindrus7g@house.gov,,Top Floor Left Wing (Dernier étage gauche gauche),Action|Comedy|Drama
270,Obed,,ohimsworth7h@ihg.com,,"Hunter, The",Action|Thriller
271,Farlay,Cohane,fcohane7i@hhs.gov,,Cold Showers (Douches froides),Drama
272,Caitlin,Pasterfield,,Male,"Milky Way, The (Voie lactée, La)",Comedy|Drama
273,Giff,Mayoral,,Female,Shakespeare High,Documentary
274,Lorilyn,Kmietsch,lkmietsch7l@washingtonpost.com,Male,Stolen (Stolen Lives),Crime|Drama|Mystery|Thriller
275,Quintin,Yerson,qyerson7m@bluehost.com,Male,"Little Mermaid 2: Return to the Sea, The",Animation|Children|Fantasy|Musical
276,Nickola,Kearns,nkearns7n@hao123.com,Male,In the Land of Blood and Honey,Drama|Romance|War
277,Carlita,Harlow,charlow7o@prweb.com,,Three Days of the Condor (3 Days of the Condor),Drama|Mystery|Romance|Thriller
278,Aryn,Raddin,araddin7p@adobe.com,Male,Beyond the Valley of the Dolls,Comedy|Horror
279,Lanny,Vannacci,,Female,Beer Wars,Documentary
280,Margalo,Storrier,mstorrier7r@printfriendly.com,Female,"Year of the Yao, The",Documentary
281,Malissia,McDonagh,mmcdonagh7s@go.com,Female,Dry Cleaning (Nettoyage à sec),Drama
282,Dannye,Daulby,ddaulby7t@cdc.gov,,Ida,Drama
283,Hercules,,,Genderqueer,Hello Again,Comedy
284,Sibyl,Richardes,srichardes7v@mashable.com,Polygender,Treasure Island,Adventure
285,Imojean,Aylott,iaylott7w@omniture.com,,Vuonna 85,Comedy
286,Sunny,,shaworth7x@quantcast.com,Female,Yes: 9012 Live,
287,Calvin,,clamzed7y@boston.com,Female,#chicagoGirl: The Social Network Takes on a Dictator,Documentary
288,Kendell,Lammerich,klammerich7z@zimbio.com,Female,Ransom (a.k.a. The Terrorists),Crime|Thriller
289,Cullen,,cstormouth80@huffingtonpost.com,Female,Queen of Montreuil,Comedy
290,Jarrett,,jhoofe81@businesswire.com,Female,Night on the Galactic Railroad (Ginga-tetsudo no yoru),Animation|Drama
291,Marquita,Slingsby,mslingsby82@youtu.be,Female,Underworld: Awakening,Action|Fantasy|Horror|IMAX
292,Evvie,,,,Two Sisters from Boston,Comedy|Musical
293,Austin,Prandini,aprandini84@google.fr,Male,Ordinary Miracles,Drama
294,Gaylord,,gmenis85@mac.com,Male,Clambake,
295,Truman,De Bernardi,tdebernardi86@hugedomains.com,Male,Land of the Dead,Action|Horror|Thriller
296,Parsifal,Abbots,,Male,Speed: In Search of Lost Time (Speed - Auf der Suche nach der verlorenen Zeit),Documentary
297,Kermie,Silverman,ksilverman88@google.pl,Male,Les Lyonnais,
298,Adlai,,,Non-binary,Original Gangstas,Crime
299,Ortensia,Issard,oissard8a@godaddy.com,Female,Top Five,Comedy
300,Lucy,Schriren,lschriren8b@etsy.com,Female,Night of the Ghouls,Horror
301,Kinny,McDonald,,Male,Liberty Stands Still,Action|Drama|Thriller
302,Corenda,Pellett,cpellett8d@about.me,Male,Count Three and Pray,Drama|Western
303,Timothy,Alyonov,talyonov8e@cnbc.com,Male,"Prayer for the Dying, A",Action|Drama
304,Godfry,,,Female,Tango & Cash,Action|Comedy|Crime|Thriller
305,Cirilo,Bonnefin,cbonnefin8g@jigsy.com,Male,Watermark,Documentary
306,Erika,Brentnall,ebrentnall8h@ocn.ne.jp,Male,Accident on Hill Road,Crime|Drama|Thriller
307,Gorden,Suff,,Female,Rio,Adventure|Animation|Children|Comedy
308,Bentlee,,,Female,Renaissance Man,
309,Gianna,Garoghan,ggaroghan8k@nps.gov,Female,Assassin(s),Crime|Drama
310,Michail,,mlowndesbrough8l@google.com.hk,Male,Maid to Order,Comedy|Fantasy
311,Brigitta,Rafter,brafter8m@slideshare.net,Polygender,Beauty Prize,Drama
312,Harriette,,,Female,"Split, The",Crime|Drama
313,Amalia,Doerr,adoerr8o@stanford.edu,Male,The Land Before Time IV: Journey Through the Mists,Adventure|Animation|Children
314,Kalil,,kgillies8p@usatoday.com,Female,Arthur,
315,Lexie,,lmullinder8q@omniture.com,Female,"Eye for an Eye, An (Silmä silmästä)",
316,Cristobal,Adne,cadne8r@parallels.com,Female,New Jersey Drive,Crime|Drama
317,Thorndike,Lebel,tlebel8s@hugedomains.com,Bigender,My Sister's Keeper,Drama
318,Aldridge,,,,Gorko!,Comedy
319,Normie,,,Male,Windstruck (Nae yeojachingureul sogae habnida),Comedy|Crime|Drama
320,Marline,,mgreedyer8v@deviantart.com,Male,Strapped,
321,Hewett,,,Female,Thank God It's Friday,Comedy|Musical
322,Tonya,Rugiero,trugiero8x@mozilla.com,Male,Dial M for Murder,Crime|Mystery|Thriller
323,Kirby,Ellerbeck,kellerbeck8y@ow.ly,Female,"Lovely Bones, The",Crime|Drama|Fantasy|Horror|Thriller
324,Lorrayne,,,Female,Udaan,Drama
325,Danita,Beaby,,,Jonny Vang,
326,Vivianna,Londesborough,vlondesborough91@zimbio.com,,"Things I Like, Things I Don't Like (Foutaises)",Comedy
327,Elizabeth,Parsall,eparsall92@utexas.edu,Male,Somebody Up There Likes Me,
328,Kelbee,Gianelli,kgianelli93@istockphoto.com,Male,Private,Drama|War
329,Marji,Coultass,mcoultass94@de.vu,Female,Outside Ozona,Comedy|Drama|Thriller
330,Bertram,Thirwell,,Male,"Pleasure of Being Robbed, The",Comedy
331,Brennan,,bgirauld96@angelfire.com,Female,Come Out and Play,Horror
332,Issie,Postlewhite,ipostlewhite97@netlog.com,Male,"Place in the Sun, A",Drama|Romance
333,Evin,,,,"Bill Cosby, Himself",Comedy|Documentary
334,Cele,Alps,calps99@joomla.org,Female,Dodgeball: A True Underdog Story,Comedy
335,Fanny,McKinnon,fmckinnon9a@networksolutions.com,Female,"Spirit of the Beehive, The (Espíritu de la colmena, El)",Drama|Horror|Mystery
336,Tiena,Swetenham,,Male,Frida,Drama|Romance
337,Gwenore,,,Female,Down to the Cellar (Do pivnice),
338,Jeramie,Eland,jeland9d@ed.gov,,Tight Spot,Drama|Film-Noir|Thriller
339,Chrissy,,cearthfield9e@reverbnation.com,Male,"Clan of the Cave Bear, The",Adventure|Drama|Fantasy
340,Karlotta,Musicka,,Female,"Vikings, The",Action|Adventure
341,Marlane,Delaney,mdelaney9g@timesonline.co.uk,Female,"River Why, The",Drama
342,Charil,Stare,cstare9h@nps.gov,Male,Once Upon a Time in China III (Wong Fei-hung tsi sam: Siwong tsangba),Action
343,Andie,,agrishechkin9i@fc2.com,Female,"Pursuit of the Graf Spee (Battle of the River Plate, The)",
344,Jaclyn,Paris,jparis9j@google.es,Female,Man on a Ledge,Crime|Thriller
345,Barn,Looker,,Female,Mosaic,Animation
346,Justin,Worrill,jworrill9l@forbes.com,Genderqueer,I Am (Jestem),Drama
347,Evonne,,,Female,"Next Stop, Greenwich Village",Comedy
348,Orton,,ocarwardine9n@opera.com,Female,Tarzan's Magic Fountain,Action|Adventure|Fantasy|Romance
349,Jenifer,,jniemiec9o@live.com,Female,Fireworks Wednesday (Chaharshanbe-soori),Drama|Mystery|Romance
350,Hartwell,Crumbie,,Female,Ski School,Comedy
351,Baudoin,Kettoe,bkettoe9q@dyndns.org,Male,Step Up All In,Drama|Musical|Romance
352,Jeri,,jarchanbault9r@flickr.com,Male,Dragon Fist (Long quan),Action|Drama
353,Kris,,kmccaughen9s@seesaa.net,,After the Fox (Caccia alla volpe),Comedy|Crime
354,Skell,,,Male,External Affairs,Drama
355,Myrtle,Bartolini,mbartolini9u@aol.com,Male,Dead End Drive-In,
356,Gayel,,gchristaeas9v@noaa.gov,Male,Hack!,Comedy|Horror
357,Mildred,Succamore,msuccamore9w@scribd.com,Male,Two Girls and a Guy,Comedy|Drama
358,Cleo,Loxly,,Male,"Hidden Face, The (La cara oculta)",
359,,,gburleton9y@twitter.com,Female,"Jazz Singer, The",Musical
360,Melli,,mvasenin9z@shareasale.com,Male,Un Poliziotto Scomodo,Action|Crime|Thriller
361,Lyn,Calverley,,Female,Force Majeure (Turist),Drama
362,Sylvia,Hyett,shyetta1@sun.com,Male,Krush Groove,Drama|Musical
363,Dore,,dickea2@patch.com,Female,Krush Groove,Drama|Musical
364,Bogey,Dunckley,bdunckleya3@list-manage.com,Female,"Lady is Willing, The",
365,Jacob,Katz,jkatza4@arizona.edu,Male,Oyster Farmer,Drama
366,Desi,Coneron,dconerona5@prweb.com,Male,Outside Ozona,Comedy|Drama|Thriller
367,Olag,,,Female,Little Witches,Horror|Thriller
368,Estella,Fake,efakea7@aboutads.info,Female,Pirates of the Caribbean: On Stranger Tides,Action|Adventure|Fantasy|IMAX
369,Seymour,Gecke,sgeckea8@youku.com,Female,Necessary Roughness,Comedy
370,Robbi,Cornils,rcornilsa9@si.edu,Male,Devils on the Doorstep (Guizi lai le),Drama|War
371,,Digginson,,Male,The Fox & the Child,Adventure|Children|Drama
372,Curry,Feakins,cfeakinsab@ucla.edu,,No One Knows About Persian Cats (Kasi az gorbehaye irani khabar nadareh),Drama
373,Armin,,,Male,Roadracers,Drama
374,Marrilee,,,Male,When Ladies Meet,Comedy|Romance
375,,,rboskellae@bandcamp.com,Male,The Disappeared,Documentary
376,Florence,Cobelli,fcobelliaf@creativecommons.org,,Road Kill (a.k.a. Road Train),Horror|Sci-Fi|Thriller
377,Michail,,mbrignellag@columbia.edu,Female,"Golden Thread, The (Subarnarekha)",Drama
378,Elisabetta,Blakesley,eblakesleyah@usatoday.com,Male,"Triumph of the Nerds, The: The Rise of Accidental Empires",Documentary
379,Dannel,Stollenberg,dstollenbergai@walmart.com,Male,"Wonderful Ice Cream Suit, The",Children|Comedy|Fantasy
380,Lindi,,lphalipaj@163.com,,Cimarron,Drama|Western
381,Radcliffe,Ovey,roveyak@goo.ne.jp,Male,Moordwijven,Comedy
382,Nicolai,Luxon,nluxonal@stanford.edu,Female,"Leslie, My Name is Evil (Manson, My Name is Evil)",Comedy|Crime|Fantasy
383,Anselm,,,,Across to Singapore,Drama|Romance
384,Aimil,Coulthard,acoulthardan@yahoo.com,Female,Aquamarine,Children|Comedy|Fantasy
385,Merwin,Coneron,,Genderfluid,The Gentleman from Epsom,Comedy|Crime
386,Torrie,Aslam,taslamap@bluehost.com,Male,13/13/13,Horror
387,Doralynn,,demberyaq@auda.org.au,Male,Trespass,Crime|Drama|Thriller
388,Davine,,,Female,Hot to Trot,Comedy
389,Leann,,lcarlickas@miitbeian.gov.cn,Female,Just Between Friends,Drama
390,Clayborne,Hatchell,chatchellat@globo.com,Female,Bride Wars,Comedy|Romance
391,Osmund,Bissell,obissellau@businessweek.com,Female,Vanya on 42nd Street,Drama
392,Luisa,Wermerling,lwermerlingav@dropbox.com,Male,Kimberly,
393,Jaclyn,Twinbrow,jtwinbrowaw@sina.com.cn,Male,One Man's Hero,Drama|War
394,Jacqui,,,Male,Earth,Documentary
395,Hebert,Agneau,hagneauay@google.com.br,Female,Out of Sight,
396,Chloe,,,Female,"Big Broadcast of 1938, The",Comedy|Musical|Romance
397,Jorrie,,jspohrmannb0@smh.com.au,Agender,"Strada, La",Drama
398,Aguste,,acollumbellb1@ovh.net,Female,God told Me To,Crime|Horror|Mystery|Sci-Fi|Thriller
399,Gerrie,Aggott,,Male,Yes Or No,Comedy|Drama|Romance
400,Silas,Kirckman,skirckmanb3@disqus.com,Agender,"Eiger Sanction, The",Action|Adventure|Drama|Thriller
401,Grazia,,gcardisb4@amazonaws.com,Female,Heavens Fall,Drama
402,Haze,,,Male,"Beast Must Die, The",Horror|Mystery
403,Ethelbert,Koenen,,Female,That Certain Woman,
404,Niles,Ceschini,nceschinib7@imageshack.us,,Chain of Command,Action|Thriller
405,Alric,Flounders,afloundersb8@shutterfly.com,Female,"Well Digger's Daughter, The (La fille du puisatier)",
406,Salli,Thurner,sthurnerb9@microsoft.com,Female,All About Anna,Comedy|Drama|Romance
407,Becca,Monni,bmonniba@theglobeandmail.com,Female,"Company You Keep, The",Thriller
408,,,,Male,"Stolen Children (Ladro di bambini, Il)",Drama
409,Gabriele,Viegas,gviegasbc@nih.gov,Male,Toy Story Toons: Small Fry,
410,,,wbaumebd@fastcompany.com,Female,Tiny Furniture,
411,Marthe,Camerello,,Genderfluid,Bruce Almighty,Comedy|Drama|Fantasy|Romance
412,Sybille,Thrower,,Male,The Oscar,Drama
413,Meryl,Valentim,mvalentimbg@springer.com,Genderfluid,"Humanité, L'",Crime|Drama
414,Bethany,Genever,bgeneverbh@wix.com,Male,Carbine Williams,Crime|Drama
415,Foss,McDuall,fmcduallbi@unesco.org,,"Walk to Remember, A",Drama|Romance
416,Daune,Normant,dnormantbj@salon.com,Male,Challenge of the Masters (Liu A-Cai yu Huang Fei-Hong),Action|Drama
417,Ennis,Jickles,ejicklesbk@auda.org.au,Non-binary,Brest Fortress (Brestskaya krepost),
418,Farlay,Humphery,fhumpherybl@irs.gov,Male,Dance of Outlaws (Häätanssi),Documentary
419,Jeane,,jbranstonbm@forbes.com,Male,"Memphis Belle: A Story of a Flying Fortress, The",Documentary|War
420,Avigdor,Issac,aissacbn@nba.com,,Armageddon (Armaguedon),Crime|Thriller
421,Leoine,,,Male,Fade to Black,
422,Armstrong,Jowsey,ajowseybp@ow.ly,Male,Lady in the Water,Drama|Fantasy|Mystery
423,Ron,,rwootonbq@bravesites.com,Female,Cherry 2000,Romance|Sci-Fi
424,Selie,Bruford,,Male,"Samaritan, The",Drama|Thriller
425,Karly,,kwhebellbs@meetup.com,Female,Winter Kills,Drama
426,Town,,trossiterbt@people.com.cn,Male,King's Ransom,Comedy|Crime
427,,Evill,hevillbu@reddit.com,,"No. 1 Ladies' Detective Agency, The",Comedy|Crime|Mystery
428,Nyssa,Domican,ndomicanbv@mashable.com,Male,For the Love of Movies,Documentary
429,Chadd,,cdomneybw@cmu.edu,Female,"Bad News Bears in Breaking Training, The",Comedy
430,Delano,,dadaminibx@springer.com,Female,"Defender, The (a.k.a. Bodyguard from Beijing, The) (Zhong Nan Hai bao biao)",Action
431,Phaedra,,prikelby@canalblog.com,Female,Breakaway (Speedy Singhs),
432,Shell,Levison,slevisonbz@qq.com,,Budrus,Documentary
433,Sophi,,sbeestonc0@feedburner.com,Female,Inglourious Basterds,Action|Drama|War
434,Ned,Habbeshaw,nhabbeshawc1@whitehouse.gov,Male,Hexed,Comedy
435,Beauregard,Pestricke,bpestrickec2@opensource.org,,Tekken,Action|Sci-Fi
436,Lana,Biagi,,Male,"Fine, Totally Fine (Zenzen Daijobu)",Comedy
437,Rosaleen,Gawkes,,,Absolute Power,Mystery|Thriller
438,Noellyn,Frantzeni,nfrantzenic5@sakura.ne.jp,Female,Eternity and a Day (Mia aoniotita kai mia mera),Drama
439,Arri,,alambartc6@cnet.com,,Where the Red Fern Grows,
440,Douglass,McChesney,,Female,"Saga of Gosta Berling, The (Gösta Berlings saga)",Drama|Romance
441,Cele,Jiggen,cjiggenc8@hao123.com,Male,"Street with No Name, The",Crime|Drama|Film-Noir|Thriller
442,Mariellen,,mchucksc9@mediafire.com,Male,Project X,Comedy|Drama
443,Carroll,Whitcher,,Female,White Frog,Drama
444,Katrine,,kbamptoncb@cnet.com,Male,Ju-on: White Ghost,
445,Tommi,Spurr,tspurrcc@tmall.com,Male,The Fuller Brush Man,Adventure|Comedy
446,Eleanore,,estoppscd@eepurl.com,,Wallace & Gromit: The Wrong Trousers,
447,Nancee,Hopkins,,Female,Control,Crime|Sci-Fi|Thriller
448,Koralle,,kfriescf@fotki.com,Male,When You're Strange,Documentary
449,Katina,,,Female,Hitler's Madman,Drama|War
450,Angelle,,areuvench@utexas.edu,Male,Hugo,Children|Drama|Mystery
451,Mathias,Strettell,mstrettellci@prnewswire.com,Male,"I Are You, You Am Me (Tenkosei)",Comedy
452,Vanda,Tompkiss,vtompkisscj@woothemes.com,Agender,"New Guy, The",Comedy
453,Blondelle,,bjikovskyck@soup.io,Female,Beneath the Darkness,Thriller
454,Issiah,Eborall,ieborallcl@tinypic.com,,Michael Jordan to the Max,Documentary|IMAX
455,Odele,Fredy,ofredycm@bing.com,Female,Dinner for Schmucks,Comedy
456,Hedvige,Brennenstuhl,hbrennenstuhlcn@abc.net.au,Male,Forgetting the Girl,Drama
457,Kory,Utton,kuttonco@ebay.co.uk,Female,Electric Dreams,
458,Lyman,Pusill,lpusillcp@alibaba.com,Female,Out for Justice,Action|Crime|Drama|Thriller
459,Dyanna,Pigne,,Genderqueer,Monty Python and the Holy Grail,
460,Enriqueta,,erickesiescr@slate.com,Male,Careful,
461,Darb,,,Male,Willy Wonka & the Chocolate Factory,Children|Comedy|Fantasy|Musical
462,Edgardo,Sackur,,,Patch Adams,Comedy|Drama
463,Gamaliel,,,Male,Melinda and Melinda,Comedy|Drama
464,Florenza,Minney,fminneycv@vk.com,,Spartacus,Action|Drama|Romance|War
465,Roderigo,,rhandescw@histats.com,Female,Deathstalker II,Action|Adventure|Comedy|Fantasy
466,Tammy,Corsar,tcorsarcx@tumblr.com,Non-binary,Dialogues with Solzhenitsyn (Uzel),Documentary
467,Fancy,,fdurnfordcy@1und1.de,Male,Someday This Pain Will Be Useful to You,Drama
468,Vasilis,Ickov,vickovcz@netscape.com,Male,"Boy Who Could Fly, The",Drama|Fantasy
469,Marj,Grzelczak,mgrzelczakd0@oakley.com,Female,Matthew's Days,Drama
470,Fianna,,fboned1@va.gov,Female,"Gate II: Trespassers, The",Horror
471,Ronnie,Winslade,rwinsladed2@storify.com,,SUBWAYStories: Tales from the Underground,Drama
472,Eldin,,ebilslandd3@salon.com,Male,Satisfaction (a.k.a. Girls of Summer),Comedy|Drama|Romance
473,Chrissie,Speakman,cspeakmand4@mtv.com,Male,"Dark Hours, The",Horror|Thriller
474,Oren,,onultyd5@fotki.com,Male,"Secrets, The (Sodot, Ha-)",Drama|Romance
475,Garvin,,gcottond6@sourceforge.net,,Flannel Pajamas,Romance
476,,,,Female,Dabangg 2,Action|Comedy|Drama|Musical|Romance
477,Pen,Whyborne,pwhyborned8@berkeley.edu,Genderfluid,DeadHeads,Adventure|Comedy|Horror
478,Darice,Kelshaw,dkelshawd9@surveymonkey.com,Male,Dracula: Pages from a Virgin's Diary,Horror|Mystery
479,Hanny,Malby,,Female,"Sometimes Happiness, Sometimes Sorrow (Kabhi Khushi Kabhie Gham)",Drama|Musical|Romance
480,Dean,McComish,dmccomishdb@baidu.com,Male,Gloria,Comedy|Drama
481,Marlie,,,,Afro Samurai: Resurrection,Animation
482,,,kvongladbachdd@blinklist.com,,Gun Fury,
483,Raychel,Cock,rcockde@clickbank.net,Male,Dancer in the Dark,Drama|Musical
484,Louisette,Ettels,lettelsdf@bluehost.com,Male,"Clique, The",
485,Adeline,Siemons,asiemonsdg@google.es,Female,"End of Violence, The",Drama|Thriller
486,Colene,Van der Hoeven,,Male,Walter,Drama
487,Levy,,lstanforddi@hhs.gov,Male,Charlie St. Cloud,Drama|Fantasy|Romance
488,Kiley,,ktrenchdj@domainmarket.com,Male,Booker's Place: A Mississippi Story,Documentary|Mystery
489,Cynthy,O'Loinn,,Female,Fear and Trembling (Stupeur et tremblements),Comedy
490,,Meletti,,,Blonde Ambition,Comedy|Romance
491,Taylor,,thawkeswooddm@toplist.cz,Female,Daughter of the Nile (Ni luo he nu er),Drama
492,Susie,Branscombe,sbranscombedn@ft.com,Female,Pink Flamingos,Comedy
493,Isidoro,,,Male,Henry,
494,Albertine,Haisell,,,"Live and Become (Va, vis et deviens)",Drama
495,Aleta,Procter,aprocterdq@ow.ly,Male,Potiche,Comedy
496,Berni,Dhennin,,Female,Amy's O (a.k.a. Amy's Orgasm),Comedy|Romance
497,Jozef,Zanitti,jzanittids@omniture.com,Female,Beware the Moon: Remembering 'An American Werewolf in London',Documentary
498,Dare,,,Male,"Baytown Outlaws, The",Action|Comedy|Crime
499,Meir,Merriott,mmerriottdu@trellian.com,Genderfluid,Wish I Was Here,Comedy|Drama
500,Teodorico,MacHostie,tmachostiedv@census.gov,Female,Coney Island,
501,Theodora,Ansley,,Male,Red Cliff (Chi bi),Action|Adventure|Drama|War
502,Benjamen,Meachan,bmeachandx@jigsy.com,Female,Anne of Green Gables,
503,Tadeas,,tboatwrightdy@themeforest.net,,Ride Beyond Vengeance,Western
504,Paolina,,pfolonindz@uol.com.br,Female,"Macbeth (a.k.a. Tragedy of Macbeth, The)",
505,Jessamyn,Grass,jgrasse0@harvard.edu,Female,"Mystery of the Third Planet, The (Tayna tretey planety)",Adventure|Animation|Sci-Fi
506,Elna,,egerrye1@spotify.com,Male,Love and Other Drugs,
507,Boyd,,bruffelle2@mysql.com,Male,Life Is Hot in Cracktown,
508,Orv,,opitthame3@biblegateway.com,Female,Dante's Inferno Animated,
509,Garnet,,gnewbigginge4@twitpic.com,Male,Daria: Is It College Yet?,Animation|Comedy
510,Maurizio,Ricards,mricardse5@constantcontact.com,Male,Wrong Turn 5: Bloodlines,Horror|Thriller
511,Thurston,,tpoundere6@upenn.edu,,Satan's Sword 3: The Final Chapter (Daibosatsu toge: Kanketsu-hen),Action|Drama
512,Hesther,,hksandrae7@over-blog.com,Male,Life Without Dick,
513,Sophronia,,sbixleye8@google.es,Male,Night and the City,Film-Noir|Thriller
514,Burt,,bahmede9@google.com.au,Female,It Rains in My Village (Bice skoro propast sveta),Drama
515,Orelia,Dawtry,odawtryea@spiegel.de,Female,The 11 Commandments,Comedy
516,Rudyard,,,Male,The Sky Dragon,Adventure|Comedy|Crime|Mystery|Thriller
517,Dehlia,Ruppel,druppelec@uol.com.br,Genderfluid,Out of the Ashes,Drama
518,Rheta,MacNamara,rmacnamaraed@gov.uk,Female,Night on Earth,Comedy|Drama
519,Pierrette,,pkellingtonee@cyberchimps.com,Genderfluid,"Russell Peters: Red, White and Brown",Comedy|Documentary
520,Cindy,Engledow,cengledowef@flavors.me,Male,Champagne,Comedy
521,Filide,Castro,fcastroeg@yolasite.com,,Castaway,Adventure|Drama
522,Bobbye,Lissenden,blissendeneh@unesco.org,Male,Borderland,Crime|Horror|Thriller
523,Lesli,,,Male,Antitrust,Crime|Drama|Thriller
524,Ileana,,,Male,Comic Book Villains,Comedy
525,Guillemette,Burgon,,Agender,Tom and Jerry: The Lost Dragon,Animation|Children|Comedy
526,Henrieta,,,Female,Wilder Napalm,Comedy|Fantasy|Romance
527,Wynn,,whurleyem@mlb.com,,How Hitler Lost the War,
528,Warden,Blaisdell,,Male,"Paris, Texas",Drama|Romance
529,Peyton,,pemmenseo@seesaa.net,Male,"Night Visitor, The",Crime|Thriller
530,Baryram,,bparamoreep@redcross.org,Female,"Miss and the Doctors (Tirez la langue, mademoiselle)",Drama|Romance
531,Madelle,Gotfrey,mgotfreyeq@ox.ac.uk,Male,MR 73 (a.k.a. The Last Deadly Mission),Crime|Drama|Thriller
532,,Donaher,bdonaherer@squarespace.com,Male,Watch Out for the Automobile (Beregis avtomobilya),
533,Prissie,Newham,pnewhames@upenn.edu,,Solan og Ludvig: Jul i Flåklypa,Animation|Children
534,Eugen,Slight,eslightet@infoseek.co.jp,Female,"Misfortunates, The (De helaasheid der dingen)",Drama
535,Barron,,bhayeseu@dyndns.org,Agender,"World of Apu, The (Apur Sansar)",Drama
536,Sasha,Lorenzin,,Male,Out of Mind: The Stories of H.P. Lovecraft,Fantasy|Horror
537,Justine,Sapseed,jsapseedew@loc.gov,Genderfluid,Hamlet Goes Business (Hamlet liikemaailmassa),
538,Chiarra,Klesl,ckleslex@google.com.hk,,Bertsolari,Documentary
539,Conchita,Rigardeau,crigardeauey@ed.gov,Female,"Mummy's Curse, The",Horror
540,Boycie,,,Male,Prefontaine,Drama
541,Renault,Downie,,Female,Tideland,Drama|Fantasy|Thriller
542,Emmy,Hearl,ehearlf1@amazon.de,Male,Little Buddha,Drama
543,Duky,,,Female,Blade II,Action|Horror|Thriller
544,Millard,,mlanyonf3@usatoday.com,Male,Junior Bonner,
545,Meier,,mleadstonf4@economist.com,Male,Bill Burr: Let It Go,Comedy
546,Pennie,,pmcilreavyf5@canalblog.com,Female,Legend of the Lost,Adventure
547,Hildagard,Stallworth,hstallworthf6@bloglines.com,Female,Brooklyn's Finest,Crime|Drama|Thriller
548,Shani,Buntine,sbuntinef7@paginegialle.it,,Wings of Courage,Adventure|Romance|IMAX
549,Barb,Duerdin,bduerdinf8@i2i.jp,Female,"Hitman, The",
550,Alayne,,,Female,Elvis and Me,Drama|Romance
551,Herculie,Gammade,,Female,About Schmidt,Comedy|Drama
552,Lyndsay,Stirland,lstirlandfb@moonfruit.com,Female,"Manitou, The",
553,Andi,,aliddlefc@istockphoto.com,Male,Brother Bear 2,Adventure|Animation|Children|Comedy|Fantasy
554,Rouvin,Comber,rcomberfd@latimes.com,Female,Harem suare,Drama
555,Boony,Condie,bcondiefe@harvard.edu,Male,This Above All,
556,Corney,,,Male,Maid to Order,Comedy|Fantasy
557,Tania,,,Female,Angels and Insects,Drama|Romance
558,Alysia,,,Male,"Butcher's Wife, The",Comedy|Romance
559,Dion,,dbagleyfi@uiuc.edu,Female,"Adventures of Sebastian Cole, The",Comedy|Drama
560,Albrecht,Maddox,amaddoxfj@goodreads.com,Female,Paper Planes,Children
561,Kikelia,,kratkefk@sfgate.com,Female,Made for Each Other,Comedy
562,Lotti,Paradis,lparadisfl@soundcloud.com,Female,"Weather Underground, The",Documentary
563,Cass,,cguidenfm@fastcompany.com,,Life Itself,
564,Romeo,Capitano,,,Roadie,Comedy|Musical
565,Gayelord,,ggoalbyfo@infoseek.co.jp,Male,Chasing Mavericks,Drama
566,Baird,Almond,,Male,Vincent & Theo,Drama
567,,Rowett,srowettfq@vinaora.com,Male,The Lego Movie,
568,Deonne,Anthoin,danthoinfr@reuters.com,Female,Tunes of Glory,Drama
569,My,Copozio,mcopoziofs@thetimes.co.uk,Female,Tatsumi,Documentary|Drama|Thriller
570,Windham,Bartomeu,,,50/50,Comedy|Drama
571,Paulie,Reville,,Female,"Dancer, Texas Pop. 81",Comedy|Drama
572,Humberto,,,Female,Hipsters (Stilyagi),Drama|Musical|Romance
573,Vassily,Iacovuzzi,,Male,"Remains of the Day, The",Drama|Romance
574,Silvano,Paradise,sparadisefx@mozilla.org,Male,Creepshow 3,Horror
575,Edmon,Clemencet,eclemencetfy@constantcontact.com,Male,Blackrock,Drama|Thriller
576,Noni,Shilladay,nshilladayfz@tuttocitta.it,Female,Ballplayer: Pelotero,Documentary|Drama
577,Elwyn,Coal,ecoalg0@sohu.com,Male,Casey Jones,
578,Filberte,Maillard,fmaillardg1@smugmug.com,Female,Escape to Witch Mountain,Adventure|Children|Fantasy
579,Alberta,Upcraft,aupcraftg2@dailymail.co.uk,Non-binary,The Loyal 47 Ronin,Drama
580,Dianna,Acum,dacumg3@state.gov,Female,Bella,
581,Natty,,nborastong4@japanpost.jp,Female,Harrison's Flowers,Drama
582,Appolonia,,aofarrellg5@earthlink.net,Female,Padre padrone,Drama
583,Sephira,,stisung6@who.int,Female,Bug,
584,Ruddy,Snelgar,rsnelgarg7@yellowbook.com,Male,55 Days at Peking,Drama|War
585,,,lglennyg8@meetup.com,,"Manzanar Fishing Club, The",Adventure|Documentary
586,Saba,Kleine,,Female,Hurt,
587,Hyacintha,Lucey,hluceyga@altervista.org,Male,Half a Loaf of Kung Fu (Dian zhi gong fu gan chian chan),
588,Hamlin,Cummins,hcumminsgb@networkadvertising.org,,"Gas, Inspector Palmu! (Kaasua, komisario Palmu!)",Comedy|Crime|Mystery|Thriller
589,Kelley,De Leek,kdeleekgc@purevolume.com,,The Strength of Water,
590,Evyn,,epontingd@nih.gov,Female,Ladrones,Drama
591,Homerus,Cullotey,,Male,3 Strikes,
592,Jorrie,,jjuanicogf@photobucket.com,Male,"Throw Away Your Books, Rally in the Streets",Drama
593,Virgie,Welldrake,vwelldrakegg@photobucket.com,Non-binary,"Cars That Ate Paris, The",Comedy|Horror|Thriller
594,Creigh,Pellew,cpellewgh@europa.eu,Male,Prisoner of the Mountains (Kavkazsky plennik),War
595,,,mblundelgi@wordpress.org,Male,Angel,Comedy|Drama|Romance
596,Jillene,Baldin,jbaldingj@artisteer.com,Male,Karthik Calling Karthik,Comedy|Drama|Thriller
597,Giulio,,,Female,Lifted,Animation|Comedy|Sci-Fi
598,Philip,,pshacklefordgl@patch.com,Female,"Farewell to Arms, A",
599,Brannon,,bmcnultygm@pagesperso-orange.fr,Male,Dom Hemingway,Comedy|Crime|Drama
600,,,kcramphorngn@bloglines.com,Male,"Rutles 2: Can't Buy Me Lunch, The",Comedy|Documentary|Musical
601,,Trunks,ltrunksgo@nasa.gov,Female,The Time of Their Lives,Comedy|Fantasy|Romance|Thriller
602,Farleigh,Verlander,,Male,Flash of Genius,Drama
603,Yuma,Bransden,ybransdengq@ovh.net,Agender,"New Land, The (Nybyggarna)",
604,Dominica,Charke,dcharkegr@jiathis.com,Female,High Strung,Comedy
605,Kary,Daykin,,,Will Success Spoil Rock Hunter?,
606,Dredi,,dgamongt@umich.edu,Male,Quatermass 2 (Enemy from Space),Sci-Fi|Thriller
607,Tobin,,tbrisegu@facebook.com,Female,Where the Road Meets the Sun,
608,Ted,,,Male,"Bribe, The",
609,Emmy,Sackey,esackeygw@ucsd.edu,,Mamitas,Drama
610,Ebba,,,Female,Dark Matter,Drama
611,Valentina,Urian,vuriangy@amazon.co.jp,Female,Mercy,Crime|Mystery|Thriller
612,Sam,,smcboylegz@ucoz.ru,Female,Harvard Man,Crime|Drama|Romance|Thriller
613,Krystal,Musgrave,kmusgraveh0@usatoday.com,Male,Sharpe's Gold,Action|Adventure|War
614,,,ysparshotth1@tinyurl.com,Female,Patriotism (Yûkoku),Drama
615,Cherish,,,Female,Goon,
616,Caralie,Labone,claboneh3@yellowbook.com,Male,"Lord of the Rings, The",Adventure|Animation|Children|Fantasy
617,Fonsie,Bodill,fbodillh4@hhs.gov,Female,Cornered,Film-Noir|Thriller
618,Rosita,,roakeyh5@blogger.com,Female,Waxworks (Das Wachsfigurenkabinett),Comedy|Drama|Romance|Thriller
619,Elvis,Botton,ebottonh6@dion.ne.jp,Non-binary,Signs,Romance
620,Lilyan,Andress,landressh7@gravatar.com,Female,24 7: Twenty Four Seven,Comedy|Drama
621,Aileen,Olivie,aolivieh8@macromedia.com,Female,Farsan,Comedy
622,Kerwinn,,kdrakesh9@alibaba.com,Bigender,Slap Shot,Comedy
623,Dwain,Sepey,dsepeyha@taobao.com,Female,Beneath Hill 60,Drama|War
624,Sharlene,,smateshb@nifty.com,Male,Cirque du Soleil: Varekai,Comedy|Fantasy|Musical|Mystery
625,Agnesse,Girkin,agirkinhc@qq.com,Male,Hostile Intentions,Action|Drama|Thriller
626,Vere,Dell Casa,,Male,Perched on a Tree (Sur un arbre perché),
627,Grady,,gbrunethe@shinystat.com,Female,Abbott and Costello Meet Dr. Jekyll and Mr. Hyde,Comedy|Horror|Sci-Fi
628,Forest,,fknockerhf@issuu.com,,Love Before Breakfast,Comedy|Romance
629,Erica,Roscam,eroscamhg@merriam-webster.com,Female,Last Days Here,Documentary
630,Marsha,Trewett,mtrewetthh@msu.edu,Female,"Blueprint for Murder, A",Film-Noir|Mystery|Thriller
631,Marigold,Figg,,Female,Harsh Times,
632,Noble,,nludfordhj@cnbc.com,,Snowball Express,Children|Comedy
633,Any,Philipart,aphiliparthk@miibeian.gov.cn,Female,Winterhawk,Western
634,Thekla,Powner,tpownerhl@archive.org,Female,Secrets of a Soul (Geheimnisse einer Seele),Drama
635,Delmer,Brayley,dbrayleyhm@mediafire.com,Female,The World Forgotten,
636,,,mbradickhn@wiley.com,Male,Blood Beach,Horror|Mystery
637,Tiphanie,Townrow,,,Curious George,Adventure|Animation|Children|Comedy
638,Harmonia,Iacomini,,,Reefer Madness: The Movie Musical,Comedy|Drama|Musical
639,Antoine,,agabbidonhq@ning.com,Male,"Horse Whisperer, The",Drama|Romance
640,Clyde,Loblie,clobliehr@cargocollective.com,Female,"Memory of a Killer, The (Zaak Alzheimer, De)",Action|Crime|Drama|Thriller
641,Jaquith,,jzoanehs@eventbrite.com,Male,Katatsumori,Documentary
642,Calida,Wixey,cwixeyht@princeton.edu,Female,Santa Fe Trail,Drama|Romance|Western
643,Shelden,Roderham,sroderhamhu@constantcontact.com,Female,Sleeping with Other People,Comedy
644,Ally,Creasy,,,Young at Heart,Drama|Musical|Romance
645,Artemas,Larmet,alarmethw@over-blog.com,Male,Raw Deal,Action
646,Thorvald,,tchevinhx@addtoany.com,Male,Tuulikaappimaa,
647,Holly,,,Female,"Legend II, The (Fong Sai Yuk juk jaap)",Action|Adventure|Comedy
648,Clarke,Kirke,ckirkehz@ft.com,Female,Internes Can't Take Money,Crime|Drama|Romance
649,Michal,,,,My Man Godfrey,
650,Anita,Hearons,ahearonsi1@vistaprint.com,,Derailed,Drama|Thriller
651,Jeanie,,jmaleckyi2@wired.com,Male,Skirt Day (La journée de la jupe),Drama
652,Jacquette,Gayne,,Female,Blue Like Jazz,Comedy|Drama
653,Amandy,,apendelli4@naver.com,Male,"Star Is Born, A",Drama|Musical
654,,,tselcraigi5@goo.ne.jp,Non-binary,Querelle,Drama
655,Granville,,gmciloryi6@theguardian.com,Male,"Loco Love (Mi Casa, Su Casa)",Comedy
656,Aileen,Blazewicz,,,The Facility,Horror|Sci-Fi
657,Donall,Kayser,dkayseri8@netlog.com,Female,Quartier Mozart,Comedy
658,Felix,Bound,fboundi9@t-online.de,Male,"Spider's Stratagem, The (Strategia del ragno)",Drama|Mystery
659,Cordell,McKinnell,cmckinnellia@usatoday.com,Female,Morning of the Earth,Documentary
660,Lanae,,lselfib@unicef.org,Male,Mother (Madeo),Crime|Drama|Mystery|Thriller
661,Jacqueline,Chupin,,Male,Flame and Citron (Flammen & Citronen),Action|Drama|War
662,Darla,Dickenson,ddickensonid@ycombinator.com,Male,Almighty Thor,Adventure|Fantasy
663,,Padly,tpadlyie@sakura.ne.jp,,Outlaw of Gor,Action|Fantasy|Sci-Fi
664,Quinta,,qfilippucciif@hexun.com,Genderqueer,Never Cry Wolf,Adventure|Drama
665,Annie,,awessingig@csmonitor.com,Male,"Silent Scream, The",Horror|Thriller
666,Gretal,,ggeallih@gnu.org,Bigender,Constantine,Action|Fantasy|Horror|Thriller
667,Josefa,,,Male,In God's Hands,Action|Drama
668,Timmi,Barney,tbarneyij@vinaora.com,Genderqueer,Policeman (Ha-shoter),
669,Alain,Trustrie,,Female,First Strike,Documentary
670,Guillaume,Tumelty,gtumeltyil@ed.gov,Male,Mifune's Last Song (Mifunes sidste sang),
671,Miguela,Linfield,mlinfieldim@sohu.com,Female,Color of Night,Drama|Thriller
672,Thorn,,tandreottiin@slideshare.net,Male,Beyond Outrage,
673,Dasha,Beining,,Male,Three Colors: White (Trzy kolory: Bialy),Comedy|Drama
674,Hyacintha,Tumayan,htumayanip@unblog.fr,Bigender,There Goes My Baby,Comedy|Drama
675,Cordie,,cmackinnoniq@qq.com,Female,Morgen,Drama
676,Edy,Ugoletti,eugolettiir@moonfruit.com,Male,"War Zone, The",Drama|Thriller
677,Tallie,,tskatesis@dot.gov,Female,Sky Captain and the World of Tomorrow,Action|Adventure|Sci-Fi
678,Jemie,di Rocca,jdiroccait@multiply.com,Female,Jiro Dreams of Sushi,Documentary
679,Wolf,Everill,,Female,Dumb and Dumberer: When Harry Met Lloyd,Comedy
680,Noby,Screen,,Female,Castle in the Desert (Charlie Chan in Castle in the Desert),Comedy|Crime|Mystery|Thriller
681,Etheline,Lemmon,elemmoniw@nytimes.com,,Darker Than Night,Horror|Thriller
682,Germain,,gingamellsix@tinyurl.com,Female,"Vanishing, The (Spoorloos)",Drama|Thriller
683,Leonid,Shearwood,,Female,Margot at the Wedding,Drama
684,Gennifer,,gshepherdsoniz@state.gov,,Whiteout,
685,Nevil,Tallent,ntallentj0@slideshare.net,Genderqueer,Edge of Seventeen,
686,Ekaterina,Jelkes,ejelkesj1@cnn.com,Male,Best of the Best 3: No Turning Back,Action
687,Jessey,,jhasselbyj2@sourceforge.net,,Tank on the Moon,
688,Elnore,,,,Serious Moonlight,Comedy|Crime|Drama|Romance
689,Trefor,Corzon,,Female,"Twice Upon a Yesterday (a.k.a. Man with Rain in His Shoes, The)",Comedy|Drama|Romance
690,Berni,Niles,bnilesj5@jiathis.com,Male,McKenna Shoots for the Stars,
691,Skippie,,sgounodj6@nymag.com,Female,What If ...,Drama
692,Ulysses,Malcolm,umalcolmj7@yale.edu,Female,Boiler Room,Crime|Drama|Thriller
693,Cad,Mesias,cmesiasj8@cocolog-nifty.com,Female,Thieves' Highway,Drama|Film-Noir|Thriller
694,Bastien,,bpellerj9@dedecms.com,Genderqueer,Home Sweet Home,
695,Babette,Roden,,Female,"Fork in the Road, A",
696,Cindi,,,Female,What! No Beer?,Comedy
697,Iggie,Turner,,Non-binary,Employees' Entrance,Drama|Romance
698,Lief,Hamshar,lhamsharjd@mlb.com,Male,Putty Hill,Drama
699,Dieter,Ramalhete,,Female,Great Guy,
700,Paxon,Runacres,prunacresjf@usatoday.com,Male,Stick It,
701,Adrian,Notton,anottonjg@so-net.ne.jp,Female,King Solomon's Mines,Action|Adventure|Drama|Romance|Thriller
702,Annetta,Wegenen,,Male,"Hotel New Hampshire, The",
703,Joelynn,Mahaddy,,Male,Woman in the Moon (By Rocket to the Moon) (Frau im Mond),Comedy|Drama|Romance|Sci-Fi
704,Andria,Demead,ademeadjj@vk.com,Female,Honeysuckle Rose (a.k.a. On the Road Again),Drama|Romance
705,,,hfoggojk@livejournal.com,Female,"Man Who Knew Too Much, The",Adventure|Drama|Mystery|Thriller
706,Morganne,,mholseyjl@scribd.com,Male,"Young Philadelphians, The",
707,Carlita,Linster,clinsterjm@google.co.jp,,To Be and to Have (Être et avoir),Documentary
708,Livia,Wilkerson,,Male,Kid Millions,Comedy|Musical
709,Nickie,,nmingetjo@pen.io,Female,Sex and the City 2,Comedy|Drama|Romance
710,Siegfried,,swassjp@newsvine.com,Male,"Dames du Bois de Boulogne, Les (Ladies of the Bois de Boulogne, The) (Ladies of the Park)",Drama|Romance
711,Kerri,Rableau,krableaujq@pcworld.com,Female,"Maze Runner, The",Action|Mystery|Sci-Fi
712,Xerxes,Gooly,xgoolyjr@linkedin.com,Male,Soloalbum,Comedy|Romance
713,Charmian,,chowchinjs@squarespace.com,Female,Australian Atomic Confessions,Documentary
714,Jordain,,jturbatjt@ibm.com,Male,Tavarataivas,Documentary
715,,,ssegebrechtju@shop-pro.jp,Female,Elephant,Drama
716,,,pchamberlinjv@hexun.com,Genderqueer,"Ideal Husband, An",Comedy|Romance
717,Morty,Pert,,Female,1990: The Bronx Warriors (1990: I guerrieri del Bronx),Action|Sci-Fi
718,Yehudi,,,Female,Amityville 3-D,
719,Fulton,Stollsteiner,fstollsteinerjy@ft.com,Female,Payment Deferred,Drama
720,Blake,Puttergill,bputtergilljz@macromedia.com,Female,"Wrong Man, The",Romance|Thriller
721,,,,,Earth,Drama|War
722,Roxine,Scholl,rschollk1@sbwire.com,Male,Rabbit-Proof Fence,Adventure|Drama
723,Tobie,,,Male,My Crazy Life (Mi vida loca),
724,Deva,,,Female,"Karate Kid, The",Drama
725,Constantine,,cdrexelk4@un.org,Polygender,"Onion Movie, The",Comedy
726,,,abrosinik5@wikipedia.org,Male,Pathetic Fallacy (Ajantrik),Drama
727,Octavius,Orrocks,,,"New Guy, The",
728,Levey,Peach,lpeachk7@so-net.ne.jp,Female,"Rich, Young and Pretty",Comedy|Musical|Romance
729,Alon,,,Female,Master and Commander: The Far Side of the World,Adventure|Drama|War
730,Kahaleel,,kcollopk9@reuters.com,Female,Without Love,
731,Lillian,Caen,,,Blankman,
732,Alistair,MacShane,amacshanekb@sitemeter.com,Male,Whipped,Comedy
733,Georgette,,gmacgowkc@sciencedirect.com,,Neil Young: Heart of Gold,
734,Lucienne,Boeck,lboeckkd@engadget.com,Male,October,
735,Stephanie,Fucher,sfucherke@elegantthemes.com,,Essex Boys,
736,Juanita,,jcranmerekf@vkontakte.ru,Male,Death on the Nile,Crime|Mystery
737,Ralf,Tollerton,rtollertonkg@linkedin.com,Male,Three Colors: Blue (Trois couleurs: Bleu),Drama
738,Johannah,McCrone,,Male,How I Got Into College,Comedy|Romance
739,Onfroi,,,Male,Immortel (ad vitam) (Immortal),Action|Adventure|Animation|Fantasy|Sci-Fi
740,Clywd,McCarroll,,Female,"Fluffer, The",Drama|Romance
741,Jaquelyn,Crasswell,,Male,Japanese Summer: Double Suicide (Muri shinjû: Nihon no natsu),Crime|Drama
742,,Kelland,,Male,Lipton Cockton in the Shadows of Sodoma,
743,Olympe,Lowseley,olowseleykm@virginia.edu,Female,Toy Story 3,Adventure|Animation|Children|Comedy|Fantasy|IMAX
744,Norbie,Barrand,nbarrandkn@livejournal.com,Female,Do Fish Do It? (Fickende Fische),Drama|Romance
745,Edgard,,ecanonko@theglobeandmail.com,,"Trouble with Bliss, The",Comedy|Drama
746,Andria,Joburn,,Non-binary,Shiloh,Children|Drama
747,Amaleta,,arufflerkq@sitemeter.com,Male,Army of Shadows (L'armée des ombres),Action|Drama|Thriller|War
748,Dita,Dreus,ddreuskr@wsj.com,Male,Ishaqzaade,Action|Drama|Romance
749,,Janaszkiewicz,ajanaszkiewiczks@topsy.com,Female,"Hunger, The",Horror
750,Geoffrey,,gkimmelkt@deviantart.com,Male,Tatort: Im Schmerz geboren,Crime
751,Stephani,,sblampiedku@boston.com,Female,Lloyds of London,Drama|Romance|War
752,Jose,Myrick,,Male,"Snails, The (Escargots, Les)",Animation|Fantasy
753,Natty,,nheyworthkw@bluehost.com,Male,Brothers (Veljekset),Drama
754,,,gmoenkx@cnbc.com,Female,"Doctor and the Devils, The",Drama|Horror
755,Sergent,Sansome,,Female,American Dreams in China,Comedy|Drama
756,Vonnie,,vlawreykz@seattletimes.com,Female,"George Lopez: It's Not Me, It's You",Comedy
757,Casey,,,Genderqueer,That Evening Sun,
758,Jaye,,jpesseltl1@noaa.gov,Non-binary,"Lizzie McGuire Movie, The",Children|Comedy|Romance
759,Avis,Lorincz,alorinczl2@4shared.com,Female,Daisy Kenyon,
760,Doyle,,dlazarel3@eventbrite.com,Male,"Ipcress File, The",Thriller
761,Crystie,Pennington,cpenningtonl4@mtv.com,,Endgame: Blueprint for Global Enslavement,Documentary
762,Sean,,siltchevl5@prweb.com,Female,Broadway Idiot,Documentary|Musical
763,Greggory,Stolworthy,gstolworthyl6@dailymail.co.uk,Female,"Haunting at Silver Falls, A",Horror|Thriller
764,Maxim,,mizsakl7@goo.gl,Female,"Everlasting Piece, An",
765,Amandie,,abaudassol8@wikipedia.org,Male,"Reckoning, The",Crime|Drama
766,Lonny,Bellingham,,Male,Kid Millions,Comedy|Musical
767,Alisander,,acruikshankla@aboutads.info,Agender,New Kids Turbo,Action|Comedy
768,Isacco,Molloy,imolloylb@nasa.gov,Female,Sweet Nothing,Drama
769,Dedra,,dbourthouloumelc@hud.gov,Female,"Horror Hotel (a.k.a. City of the Dead, The)",
770,Lianna,Mottley,lmottleyld@mozilla.com,Female,Revolutionary Road,Drama|Romance
771,Cora,Weadick,cweadickle@godaddy.com,Female,"Brotherhood, The",Crime|Drama
772,Rania,McVity,rmcvitylf@amazonaws.com,Female,Bee Movie,Animation|Comedy
773,Tessy,,tbamseylg@cnbc.com,Female,"Pier, The (Jetée, La)",
774,Di,Santus,,Male,"Scenic Route, The",Drama
775,Anestassia,Gilbard,agilbardli@nhs.uk,Female,"Public Eye, The",Crime|Thriller
776,Dolores,Treadaway,dtreadawaylj@bbc.co.uk,Female,"Basketball Diaries, The",
777,Grove,Cayton,gcaytonlk@skype.com,Male,Housesitter,Comedy|Romance
778,,Ochterlony,sochterlonyll@acquirethisname.com,Female,Happiness (Schastye),
779,Valentin,Watsham,vwatshamlm@harvard.edu,Female,Missing in Action,Action|War
780,Vaughan,Learmount,,Male,See No Evil,Crime|Drama|Horror|Thriller
781,Jessalyn,,,Male,Zu: Warriors from the Magic Mountain (Xin shu shan jian ke),Action|Adventure|Fantasy|Horror
782,Merrill,Spellissy,,Female,Worlds Apart (To verdener),Drama
783,Leia,MacWhirter,,Female,Michael Jackson's This Is It,Documentary|Musical|IMAX
784,Mariana,,mmcnernlr@sfgate.com,Male,"Clockmaker of St. Paul, The (L'horloger de Saint-Paul)",
785,Helli,McCurrie,,,Fruitvale Station,Drama
786,Happy,Edgett,hedgettlt@t-online.de,Male,Losin' It,Comedy
787,Benson,,,Male,Here be Dragons,Documentary
788,,,bbentotelv@state.tx.us,Female,"Ring, The",Drama
789,Mason,,,Non-binary,"Corridor, The",Horror|Thriller
790,Anissa,Gutherson,aguthersonlx@cnet.com,,Howl's Moving Castle (Hauru no ugoku shiro),Adventure|Animation|Fantasy|Romance
791,Kimbra,Goggan,kgogganly@a8.net,Female,Waiting for Guffman,Comedy
792,Lilli,,lpeatlz@constantcontact.com,Female,Mighty Uke,
793,Vito,,valdism0@wired.com,Female,Good Burger,Children|Comedy
794,Christin,,cbroum1@linkedin.com,Agender,Tough Enough (Knallhart),Crime|Drama
795,Gretchen,Discombe,gdiscombem2@freewebs.com,Male,Patsy,Comedy|Drama|Mystery|Romance
796,Brewster,,bmeusem3@freewebs.com,Female,Loggerheads,Drama
797,,,,Male,Rasputin and the Empress,Drama
798,Abigale,,ahefferanm5@nasa.gov,,Pauline & Paulette (Pauline en Paulette),Comedy|Drama
799,Margette,,mlinggoodm6@is.gd,Male,"Blue Angel, The (Blaue Engel, Der)",Drama
800,Beltran,Nathon,,,Dear Brigitte,Comedy
801,Devin,,,,"Day the Earth Caught Fire, The",Sci-Fi
802,Minnnie,Hammerberger,mhammerbergerm9@umich.edu,Female,"Bubble, The (Ha-Buah)",Drama|Romance
803,,Cherry,,Female,Séraphine,Drama|War
804,Fonzie,,femerymb@macromedia.com,Female,Nothing,Comedy|Fantasy|Mystery|Sci-Fi
805,Vanessa,,vdearemc@house.gov,Male,Four Shades of Brown (Fyra nyanser av brunt),Comedy|Drama
806,Trudey,,,Male,"Story of Temple Drake, The",Drama
807,Alvin,Marciek,,Male,Charleston,Comedy|Crime
808,Desmund,Siddens,dsiddensmf@umich.edu,Polygender,Goyokin,Action|Drama
809,,,tvazmg@weebly.com,Female,Ballplayer: Pelotero,Documentary|Drama
810,Mollie,Wernham,mwernhammh@huffingtonpost.com,,Advertising and the End of the World,Documentary
811,Wilek,Goggey,wgoggeymi@wisc.edu,Male,Beslan: Three Days in September,Documentary
812,Farr,Janowski,,Female,Alien Autopsy,
813,Derek,Weafer,dweafermk@shutterfly.com,Polygender,Ocean's Twelve,Action|Comedy|Crime|Thriller
814,Sibel,,smildenhallml@delicious.com,Female,The Man Without a Map,Mystery
815,Godwin,,gwardlowmm@yandex.ru,Female,Yu-Gi-Oh!,Action|Adventure|Animation|Fantasy
816,Evelin,Jozsef,,Male,The Missouri Breaks,Drama|Western
817,Batsheva,,bschulermo@miibeian.gov.cn,Male,I Capture the Castle,
818,Noby,,nneubiginmp@google.de,Female,Piccadilly,Crime|Drama
819,Mollie,Stollwerck,,Female,Dangerous Moves (La diagonale du fou),Drama|Thriller
820,Stesha,Hebblewaite,shebblewaitemr@51.la,Female,Arthur 2: On the Rocks,
821,Hinze,,htasselerms@aol.com,Bigender,Return of the Secaucus 7,
822,Petunia,Verrell,,Female,Métastases,Comedy
823,Giorgia,,gblakistonmu@discovery.com,Male,"Othello (Tragedy of Othello: The Moor of Venice, The)",Drama
824,Rickie,Archibold,rarchiboldmv@earthlink.net,Male,Killer Joe,
825,Erastus,Mattia,,Male,"Companeros (Vamos a matar, compañeros)",Comedy|Western
826,Devondra,MacAnulty,dmacanultymx@baidu.com,Male,Mr. Warmth: The Don Rickles Project,Documentary
827,,,cendsmy@businessweek.com,Male,Dallas,Western
828,Jordan,,jmorsonmz@xinhuanet.com,Female,"Separation, The (Séparation, La)",Drama
829,,Roset,krosetn0@slate.com,Male,"River Runs Through It, A",
830,Gay,Pavlishchev,gpavlishchevn1@cbslocal.com,Female,"Buddy Holly Story, The",Drama
831,Giorgi,Adderson,,Male,"Doll Squad, The",Action|Thriller
832,Orelee,Lempertz,olempertzn3@skyrock.com,Female,"Help, The",Drama
833,Zacharias,,zteenann4@rambler.ru,Female,Women in Love,
834,Rozelle,Tuley,rtuleyn5@businessweek.com,Male,"Doors, The",Drama
835,Hakim,,hburnalln6@theguardian.com,,Man for a Day,Documentary
836,Susanetta,Dubbin,sdubbinn7@printfriendly.com,Female,Kabhi Haan Kabhi Naa,
837,Leodora,Baraja,,Male,Two Family House,Drama
838,,Pumfrey,tpumfreyn9@nationalgeographic.com,Male,Invisible Invaders,Horror|Sci-Fi
839,Conchita,,,Female,True Grit,Adventure|Drama|Western
840,Salvidor,Osinin,sosininnb@foxnews.com,Male,"Ordeal, The (Calvaire)",Drama|Horror
841,Hinda,MacColl,hmaccollnc@mit.edu,Female,Howl,Drama
842,Reeba,,rfordnd@usda.gov,,Badding,Comedy|Drama|Musical
843,Brigitta,,bscholzne@amazon.de,,Big Eyes,Drama
844,Magdalen,,,Female,Jackass 3D,Action|Comedy|Documentary
845,Terrye,,,,Sympathy for Delicious,Drama
846,,,ymcilharganh@quantcast.com,Polygender,"Man Who Haunted Himself, The",Drama|Fantasy|Horror|Mystery|Thriller
847,Jessey,Hunt,jhuntni@elpais.com,Female,Magic & Bird: A Courtship of Rivals,Documentary
848,Andras,,,Female,"Pointe-Courte, La",Drama
849,Tildy,,tharremank@jugem.jp,Male,Lake City,Drama
850,,McQuorkell,smcquorkellnl@shinystat.com,Male,Walkabout,Adventure|Drama
851,Zeke,Olliar,zolliarnm@lycos.com,Male,"Personal History, Adventures, Experience, & Observation of David Copperfield the Younger, The (a.k.a. David Copperfield)",Adventure|Drama|Romance
852,Robinia,Linklater,,Bigender,W.W. and the Dixie Dancekings,
853,Koralle,Vanyukhin,kvanyukhinno@zdnet.com,Female,"Welcome Back, Mr. McDonald (Rajio no jikan)",Comedy
854,Bari,Blaase,bblaasenp@oracle.com,Male,Shadow Dancer,
855,Orlando,,,Male,Slacker,Comedy|Drama
856,Elisha,,emacfarlanenr@miitbeian.gov.cn,,Toy Soldiers,Action|Drama
857,Ginnie,Roubert,groubertns@free.fr,,Prisoner of the Mountains (Kavkazsky plennik),War
858,Lizzy,Berrane,lberranent@springer.com,,Ten Thousand Saints,
859,Taite,Shayes,tshayesnu@163.com,Female,Perfect Blue,Animation|Horror|Mystery|Thriller
860,Winthrop,Brough,wbroughnv@vinaora.com,Male,"Wave, The",
861,Ailbert,Murfin,amurfinnw@godaddy.com,Female,Opposite Day,Children|Comedy
862,Maisey,,mbaglannx@behance.net,Male,Dumbo,
863,Bobette,Crang,bcrangny@privacy.gov.au,Male,Husbands and Wives,Comedy|Drama
864,Janeta,Lambourne,,Male,8th Wonderland,Drama|Thriller
865,Gerry,Midford,gmidfordo0@comsenz.com,Male,Bikini Beach,Comedy
866,Dewey,Vannah,dvannaho1@hhs.gov,Female,"Green Berets, The",Action|Drama|War
867,Lorrin,Jagielski,ljagielskio2@last.fm,Female,Accused (Anklaget),Drama
868,Shaylah,Gratton,,,From Up on Poppy Hill (Kokuriko-zaka kara),Animation|Drama|Romance
869,Randa,,rskeato4@harvard.edu,Bigender,Scorching Winds (Garm Hava) (Garam Hawa),Drama
870,Cort,,cjoneyo5@artisteer.com,Female,Riviera,Comedy|Drama
871,Fulton,,fkettlestringeo6@bravesites.com,,Savannah Smiles,Comedy
872,Fidela,Gawen,,Female,And Starring Pancho Villa as Himself,Action|Comedy|Drama|War
873,Bert,Woodings,bwoodingso8@1688.com,Male,"Amati Girls, The",Drama
874,,,mfiggso9@upenn.edu,Male,Watership Down,Adventure|Animation|Children|Drama|Fantasy
875,Leah,Dwerryhouse,ldwerryhouseoa@blogger.com,Male,Rat King,Mystery|Thriller
876,,Lorman,nlormanob@nymag.com,Female,"Glass Web, The",Crime|Drama|Film-Noir
877,Lilyan,,lmadisonoc@patch.com,Female,"Mark, The",Drama
878,Garfield,Faulconer,gfaulconerod@tinypic.com,Genderqueer,3 dev adam (Three Giant Men) ,Action|Adventure|Sci-Fi
879,Blakelee,,,Male,"Wreck of the Mary Deare, The",Drama|Thriller
880,Doy,Darleston,ddarlestonof@salon.com,Female,Claire Dolan,
881,Harrietta,,,Female,Fletch,Comedy|Crime|Mystery
882,Bo,Odd,boddoh@howstuffworks.com,Male,"Lord of the Rings: The Fellowship of the Ring, The",
883,Skye,Feyer,sfeyeroi@wikimedia.org,Female,"Children Are Watching Us, The (Bambini ci guardano, I)",Drama
884,Lawrence,,ltregaleoj@arstechnica.com,Female,Island of the Burning Damned (Night of the Big Heat),Horror|Mystery|Sci-Fi|Thriller
885,Breena,,bvivienok@ed.gov,Male,All Passion Spent,Drama
886,Patience,Jerrams,,Female,Machete Kills (Machete 2),Action|Crime|Thriller
887,Huey,Brobak,,Non-binary,Winnie the Pooh,Animation|Children|Comedy
888,Doe,Vieyra,dvieyraon@utexas.edu,Female,Enlightenment Guaranteed (Erleuchtung Garantiert),Comedy|Drama
889,Henry,,hsmoughtonoo@census.gov,Male,Love Simple,Comedy|Romance
890,Packston,,pwaplingtonop@constantcontact.com,Female,"Walk Softly, Stranger",Crime|Drama|Film-Noir|Romance
891,Frank,Sowle,,Non-binary,Taking Care of Business,Comedy
892,Zorana,Capstaff,zcapstaffor@umich.edu,Female,The Amazing Spider-Man 2,Action|Sci-Fi|IMAX
893,Jeddy,Blindmann,jblindmannos@sakura.ne.jp,Female,Rocco and His Brothers (Rocco e i suoi fratelli),Crime|Drama
894,Kaitlynn,Kimberly,kkimberlyot@joomla.org,Female,August (Elokuu) ,Drama
895,Evan,Dearnly,,Male,"Flame and the Arrow, The",Action|Adventure|Romance
896,Alethea,Santacrole,asantacroleov@bluehost.com,Female,"Reluctant Dragon, The",Animation|Comedy
897,Hugibert,Quilter,,Female,Saw II,Horror|Thriller
898,Lizzy,,llackemannox@sbwire.com,,Trans-Europ-Express,Thriller
899,Harri,,hkleweroy@mayoclinic.com,,Sex Is Comedy,Comedy|Drama|Romance
900,Nicolis,Fleckno,nflecknooz@tinyurl.com,Female,You'll Find Out,
901,Dicky,Matzl,dmatzlp0@nyu.edu,Female,"Deceivers, The",Adventure|Drama|Thriller
902,Vernen,,,Male,Flashdance,Drama|Romance
903,Cymbre,Rabjohns,crabjohnsp2@blog.com,Female,Grudge Match,Comedy
904,Shandy,,sarterp3@people.com.cn,Male,I Really Hate My Job,Comedy|Drama
905,Brandtr,Eaglesham,beagleshamp4@springer.com,Male,Trance,
906,Reinhold,Duchesne,rduchesnep5@sbwire.com,Male,Woodsman and the Rain (Kitsutsuki to ame),Comedy|Drama
907,Nappy,,nromerp6@twitpic.com,,Bastards (Les salauds),Drama
908,Kermie,,,Female,"Classe américaine, La (a.k.a. Le grand détournement)",
909,Roley,,rcamousp8@123-reg.co.uk,,In Good Company,Comedy|Drama
910,Tommy,Nancekivell,tnancekivellp9@diigo.com,,Special Delivery,
911,Lucio,Van T'Hoog,lvanthoogpa@dagondesign.com,Male,Wizards,Animation|Fantasy|Sci-Fi|War
912,Elvera,Vidyapin,,,"Christmas Toy, The",Children|Musical
913,Alix,Riden,aridenpc@dmoz.org,,Fido,Comedy|Horror|Thriller
914,Cordi,Bamlet,cbamletpd@omniture.com,Female,Cowards Bend the Knee (a.k.a. The Blue Hands),Drama|Romance
915,Henriette,Golder,hgolderpe@opera.com,Female,Father Hood,Comedy
916,Aluin,,,Female,Boy,Drama|Romance
917,Katie,,,Male,Seven Sinners,Comedy|Drama|Romance
918,Leah,Airy,lairyph@webeden.co.uk,Male,"Wood, The",Drama
919,Germaine,,,Agender,Club Sandwich,
920,Teri,Maharey,tmahareypj@mozilla.org,Male,"Lebanon, Pa.",Drama
921,Kiley,Donneely,,Female,Rolling,Drama
922,,Fromont,,Female,Boys,
923,Briny,Lording,blordingpm@vk.com,Female,First on the Moon (Pervye na Lune),Documentary|Sci-Fi
924,Estella,Demare,edemarepn@surveymonkey.com,,Nick Fury: Agent of S.H.I.E.L.D.,Action|Sci-Fi
925,Kahlil,Buck,kbuckpo@google.co.uk,Male,180° South (180 Degrees South) (180° South: Conquerors of the Useless),Documentary|Drama
926,Iago,,irubinshteinpp@google.com,Polygender,Within Our Gates,Drama|Romance
927,Lian,Croster,lcrosterpq@cmu.edu,Male,"Henry IV, Part II (Second Part of King Henry the Fourth, including his death and the coronation of King Henry the Fifth, The)",
928,Denny,,dtunnochpr@cdc.gov,Female,A Pigeon Sat on a Branch Reflecting on Existence,Comedy|Drama
929,Emerson,Fass,efassps@unblog.fr,Male,Tempest,Comedy|Drama
930,Rena,,rcrichleypt@bbb.org,Female,Our Beloved Month of August (Aquele Querido Mês de Agosto),Romance
931,Joy,Biggen,jbiggenpu@examiner.com,Male,"Keeper, The",Crime|Drama|Thriller
932,Lavinia,Lidgey,llidgeypv@baidu.com,Male,Charlie Chan in Honolulu,Comedy|Crime|Horror|Mystery|Thriller
933,,,jrevanspw@spotify.com,Male,Lifeforce,Horror|Sci-Fi
934,Fania,,fthurbornpx@bravesites.com,,Fantastic Four,Action|Adventure|Sci-Fi
935,Celestia,,,Male,Wadjda,
936,Afton,,,Male,Meet the Robinsons,Action|Adventure|Animation|Children|Comedy|Sci-Fi
937,Lodovico,Burnell,lburnellq0@fda.gov,,Rustlers' Rhapsody,Comedy|Western
938,,Screech,jscreechq1@etsy.com,Female,They Drive by Night,Drama
939,Kiley,De la Feld,,Female,From Morn to Midnight (Von morgens bis Mitternacht),Crime|Drama
940,Frazer,Brignell,fbrignellq3@jiathis.com,,"Touch of Sin, A (Tian zhu ding)",Drama
941,Dierdre,Halloran,dhalloranq4@macromedia.com,Male,Visitor to a Museum (Posetitel muzeya),Sci-Fi
942,Kristos,,kizakovq5@shinystat.com,,Such a Long Journey,Drama|War
943,Hagan,,,Male,"Cherry Orchard, The (Sakura no sono)",
944,Adore,Gleasane,agleasaneq7@cam.ac.uk,Polygender,Tuareg: The Desert Warrior (Tuareg - Il guerriero del deserto),Action|Adventure
945,Deana,,dwestwoodq8@aboutads.info,Female,The Woodcarver,Drama
946,Cheryl,Bayston,cbaystonq9@amazon.de,Female,Jetsons: The Movie,Animation|Children|Comedy|Musical|Sci-Fi
947,Helyn,Burnie,,Female,Contact High,Comedy
948,Roddy,,rrubinsaftqb@mtv.com,Male,"Wind, The",
949,Cosetta,Rainbird,crainbirdqc@people.com.cn,Male,Tales from the Crypt Presents: Bordello of Blood,Comedy|Horror
950,Wolfie,Falla,wfallaqd@washington.edu,Genderqueer,September,Drama
951,Morgun,,mespadateqe@epa.gov,Female,Particle Fever,
952,Cos,Twigger,ctwiggerqf@cafepress.com,Bigender,Victor Sjöström: Ett porträtt,Documentary
953,Sherri,Halesworth,shalesworthqg@utexas.edu,Bigender,Schlussmacher,Comedy
954,Maribelle,,,Female,Bad 25,Documentary
955,Consuela,Holdren,choldrenqi@sohu.com,Female,Hellbound?,
956,Skylar,,,Female,"Dr. Mabuse: The Gambler (Dr. Mabuse, der Spieler)",Crime|Mystery|Thriller
957,Tyson,Salzberg,tsalzbergqk@ifeng.com,Male,"Back to the Garden, Flower Power Comes Full Circle",
958,Marlo,Helleckas,mhelleckasql@thetimes.co.uk,Female,Something Borrowed,Comedy|Drama|Romance
959,Tamara,Hunt,thuntqm@abc.net.au,Female,In the Time of the Butterflies,Crime|Drama
960,Stephani,Origin,,,Galician Caress (Of Clay),Documentary
961,Joshua,,jscholcroftqo@mit.edu,Male,Asterix & Obelix: Mission Cleopatra (Astérix & Obélix: Mission Cléopâtre),Adventure|Comedy|Fantasy
962,Vanni,,,Male,"Battle of the Rails, The (La bataille du rail)",Drama|War
963,Ferrell,Meriott,,Female,In the Beginning (À l'Origine),Drama
964,Katine,Sloat,,Male,100 Rifles,Adventure|War|Western
965,Mureil,Kienlein,mkienleinqs@list-manage.com,Female,Illegal,Drama
966,Stacee,,sbeuscherqt@mayoclinic.com,Male,Quo Vadis,Drama|Romance
967,Ganny,,ggrinnikovqu@miibeian.gov.cn,Female,"Guns of Fort Petticoat, The",
968,Vanni,,vfentemqv@fc2.com,Male,Princess (Prinsessa),Drama
969,Sybila,Tellenbach,stellenbachqw@multiply.com,Female,Quiet Flows the Don (Tikhiy Don),
970,Christian,,,Female,Red Dawn,
971,Tanny,Hagger,thaggerqy@constantcontact.com,Genderfluid,"Nines, The",Drama|Mystery
972,Shaina,Kivelle,skivelleqz@toplist.cz,Female,No Mercy,Action|Crime|Thriller
973,Ban,,bmacfadyenr0@vimeo.com,,Out in the Dark,
974,Zerk,Sharram,,Female,Seven Years Bad Luck,
975,,Yurin,gyurinr2@cmu.edu,Female,Silent Hill: Revelation 3D,
976,Fan,Odell,fodellr3@unc.edu,Female,Felony,Thriller
977,Brady,,bsimounetr4@uol.com.br,Male,Thank You for Smoking,
978,Rebekah,Wandrey,rwandreyr5@webeden.co.uk,Female,The Stranger's Return,Comedy|Drama
979,Evan,Hourstan,ehourstanr6@csmonitor.com,Female,"Shine of Rainbows, A",Drama
980,Barris,Bladon,,Male,Need for Speed,Action|Crime|Drama|IMAX
981,Cammie,Jasper,cjasperr8@reuters.com,Male,"Red Violin, The (Violon rouge, Le)",Drama|Mystery
982,Damara,Allans,dallansr9@blinklist.com,Female,"Aquí llega Condemor, el pecador de la pradera",Comedy|Western
983,,Christin,mchristinra@t.co,,Pieces (Mil gritos tiene la noche) (One Thousand Cries Has the Night),Horror|Mystery|Thriller
984,Moyra,,msoutheranrb@rambler.ru,Genderqueer,Ringu 2 (Ring 2),Horror|Mystery
985,Garald,,ghouserc@businesswire.com,Female,Someone Else's America,Drama
986,Denny,Tibb,dtibbrd@sina.com.cn,Male,Naturally Native,Drama
987,Byron,Duval,,Female,"Rage: Carrie 2, The",Horror
988,Caren,,cguyonnetrf@unesco.org,,"Man Between, The",Drama|Film-Noir|Romance|Thriller
989,Gwen,Howgego,ghowgegorg@ebay.com,Male,Brown Sugar,
990,Catlin,Lundberg,clundbergrh@narod.ru,Polygender,"Soloist, The",Drama|Musical
991,,,mnewvellri@google.com.br,,"Susana (Devil and the Flesh, The)",Drama|Romance
992,Stephan,Burnhams,,Male,Fitzwilly,
993,Bay,O'Hearn,bohearnrk@cocolog-nifty.com,Male,Dragon Ball: The Curse Of The Blood Rubies (Doragon bôru: Shenron no densetsu),Action|Adventure|Animation|Children
994,Addy,,alembkerl@alibaba.com,Female,Kika,Comedy|Drama
995,Marcile,Dundridge,,Bigender,Born American,Action|Drama|Thriller
996,Marja,Corser,mcorserrn@apache.org,Male,Grown Ups,Comedy
997,Margaretha,Harrhy,mharrhyro@google.com.hk,Bigender,"Missing Person, The",Drama|Film-Noir|Mystery
998,Kennith,Urlich,kurlichrp@comsenz.com,Male,"Look of Silence, The",Documentary
999,Dannye,Lusher,dlusherrq@sourceforge.net,Male,Tell Them Willie Boy is Here,
1000,Corbett,Shea,cshearr@businessweek.com,Male,"Next Best Thing, The",Comedy|Drama
